image,latency_sec,psnr_db,ssim
9844.png,0.078411,23.0513,0.855000
943.png,0.098096,25.0104,0.960100
22550.png,0.078253,24.0254,0.848400
20462.png,0.118291,32.1545,0.961100
18800.png,0.087765,29.7685,0.944100
19826.png,0.076374,22.1460,0.921700
3521.png,0.116540,23.1514,0.890000
14767.png,0.075634,15.7282,0.737100
1122.png,0.074818,23.3533,0.895700
17601.png,0.145396,21.1346,0.880300
22005.png,0.075134,25.0987,0.818600
18083.png,0.078271,19.6899,0.807900
16496.png,0.121487,26.7071,0.956000
22569.png,0.083514,29.6981,0.930600
22168.png,0.073476,24.2012,0.844200
23369.png,0.125916,25.9089,0.908200
8119.png,0.078743,22.7533,0.954200
9684.png,0.076209,30.3814,0.937000
19088.png,0.111291,27.6668,0.837000
7869.png,0.086416,23.8469,0.826900
9437.png,0.077122,27.4484,0.907700
9627.png,0.104665,30.9292,0.865100
19075.png,0.108199,26.2740,0.879200
8335.png,0.075949,31.0866,0.862000
6832.png,0.078510,25.3259,0.919300
2358.png,0.133617,20.7165,0.698600
4599.png,0.075661,25.4530,0.820600
7384.png,0.080675,27.2162,0.915900
867.png,0.126549,18.8485,0.657900
12422.png,0.077446,22.0526,0.787900
2931.png,0.082344,18.4556,0.870700
22636.png,0.132146,23.2710,0.970100
7300.png,0.077500,19.0286,0.706900
11772.png,0.075642,33.2376,0.908600
21256.png,0.120035,26.4215,0.932800
11211.png,0.106758,22.1279,0.786100
1282.png,0.076908,24.1546,0.812300
51.png,0.135239,29.2903,0.896200
24102.png,0.078214,26.8126,0.868600
1045.png,0.077317,29.6111,0.870600
16416.png,0.130459,27.7122,0.895300
5102.png,0.092465,22.9098,0.870100
6249.png,0.083596,24.8996,0.967900
17688.png,0.129177,26.1181,0.865800
8753.png,0.085453,25.1595,0.898700
19399.png,0.078267,33.6455,0.897200
21123.png,0.133380,31.4569,0.881000
14800.png,0.083283,20.3677,0.840900
12770.png,0.078642,20.1398,0.946400
10377.png,0.117627,23.0006,0.895300
6680.png,0.109101,21.5609,0.811200
21571.png,0.080459,23.9813,0.865000
5005.png,0.113033,26.2641,0.938000
14886.png,0.116031,24.7513,0.805000
6330.png,0.074576,24.2673,0.795100
12436.png,0.130146,27.5055,0.785500
20705.png,0.087773,29.6277,0.883200
968.png,0.073751,24.2325,0.864800
15997.png,0.121906,23.1799,0.749600
564.png,0.096930,21.6999,0.956200
12691.png,0.075438,26.1587,0.934900
7601.png,0.101744,26.7642,0.892700
148.png,0.125550,26.1496,0.932200
12687.png,0.081898,28.9190,0.916300
12411.png,0.111331,16.9520,0.696800
10487.png,0.110103,18.1682,0.838500
13098.png,0.077035,20.6216,0.803800
6262.png,0.121592,23.7316,0.962700
14365.png,0.104497,24.3350,0.795100
17707.png,0.080229,24.3282,0.792300
952.png,0.126068,21.3700,0.813500
16436.png,0.107195,23.2377,0.812400
18324.png,0.086607,25.5589,0.822400
173.png,0.134666,27.7192,0.901900
17110.png,0.074866,27.3143,0.859100
4776.png,0.075179,20.0412,0.880400
5402.png,0.099757,25.6310,0.858800
6691.png,0.092961,18.4491,0.768200
9670.png,0.078582,24.1732,0.785400
11827.png,0.130898,32.2291,0.975200
11378.png,0.083849,25.5461,0.823100
21787.png,0.077076,24.1334,0.904000
6305.png,0.124423,21.5237,0.760600
1948.png,0.075437,22.1008,0.858500
8280.png,0.078761,25.9168,0.865600
9296.png,0.132378,21.5650,0.916100
22170.png,0.088937,22.4125,0.731400
12571.png,0.077992,26.5003,0.953400
3848.png,0.126862,19.7136,0.713100
3176.png,0.100132,32.6994,0.910300
7053.png,0.077802,30.3171,0.837500
16509.png,0.127737,26.3008,0.840900
10622.png,0.102173,22.3766,0.940500
20391.png,0.084787,23.7087,0.929100
12893.png,0.129073,23.8744,0.880600
12516.png,0.078603,26.8447,0.883600
23875.png,0.080123,20.8028,0.861100
5364.png,0.133872,29.2822,0.852300
3279.png,0.093282,26.7575,0.836000
8376.png,0.077421,27.6809,0.892600
21931.png,0.134429,27.0044,0.811100
1339.png,0.080480,27.0574,0.873700
18980.png,0.080902,26.9214,0.949400
15257.png,0.129007,24.0178,0.819800
22172.png,0.097555,27.1763,0.850000
9163.png,0.078625,20.2203,0.784500
18282.png,0.136590,31.2254,0.868100
11359.png,0.106669,31.0037,0.878100
11443.png,0.082128,32.0007,0.971900
2463.png,0.128903,19.7905,0.904400
16722.png,0.104003,27.8710,0.845800
23206.png,0.077167,23.0661,0.903400
151.png,0.075703,20.2122,0.844800
15083.png,0.074882,25.5858,0.876100
6527.png,0.078230,23.2138,0.816100
3158.png,0.132044,24.7943,0.847400
21462.png,0.084827,29.9934,0.933600
23488.png,0.081216,19.9887,0.967000
20028.png,0.132793,30.5736,0.970700
1177.png,0.109230,23.3746,0.860000
18414.png,0.074658,21.1721,0.779000
11544.png,0.120729,18.4068,0.853500
19681.png,0.085836,25.3629,0.905700
4847.png,0.074262,27.1365,0.794900
21961.png,0.129908,24.7942,0.897300
3388.png,0.100313,30.9855,0.974700
21617.png,0.075775,17.8564,0.838800
6311.png,0.138850,26.2405,0.807500
21857.png,0.076390,30.7933,0.945500
22361.png,0.130131,29.3447,0.861500
11981.png,0.081210,24.6651,0.826200
7724.png,0.076321,18.7011,0.712800
245.png,0.132774,32.2752,0.914200
15707.png,0.084818,24.3835,0.946800
6767.png,0.079080,25.1406,0.787200
15901.png,0.136840,18.6176,0.756100
15303.png,0.077616,20.9935,0.595400
18797.png,0.077343,21.9480,0.911100
15287.png,0.113651,26.5628,0.726600
9448.png,0.074382,29.5723,0.788500
8580.png,0.086184,26.3536,0.827300
14123.png,0.097383,26.6041,0.787600
15147.png,0.084630,27.2459,0.909100
18230.png,0.077598,25.8004,0.909000
6021.png,0.138486,32.1047,0.932800
2336.png,0.080803,17.3603,0.832400
17000.png,0.080499,24.8599,0.816000
589.png,0.112525,17.7958,0.822700
21005.png,0.080938,16.7459,0.767700
8763.png,0.080624,22.5590,0.905500
12925.png,0.125562,20.4764,0.792200
15612.png,0.079161,29.9404,0.916600
15517.png,0.083922,28.9027,0.884900
10029.png,0.127376,25.6350,0.942700
7657.png,0.081070,18.6847,0.779700
18050.png,0.081995,34.5642,0.942600
22138.png,0.131970,32.9604,0.929300
10077.png,0.112213,18.3568,0.820500
11287.png,0.078767,18.2663,0.627700
18459.png,0.073888,29.3768,0.923800
12910.png,0.080035,24.4517,0.879500
184.png,0.075452,22.3621,0.806300
15981.png,0.106216,28.3273,0.903500
17926.png,0.075675,26.3242,0.956600
15690.png,0.083511,35.5806,0.962400
13510.png,0.133530,24.6449,0.941400
14227.png,0.074953,25.2544,0.814900
22899.png,0.090936,30.8367,0.929300
19624.png,0.115608,33.4147,0.872500
22012.png,0.076287,22.0310,0.847800
224.png,0.076369,27.2813,0.980900
12892.png,0.083376,23.1664,0.898900
9659.png,0.118509,29.3132,0.916700
19447.png,0.160677,19.5278,0.950100
10138.png,0.124642,25.6678,0.831300
5595.png,0.165370,35.5357,0.954900
12973.png,0.076201,26.5840,0.773200
11884.png,0.163384,28.4665,0.781100
9103.png,0.074569,19.2088,0.934700
10677.png,0.075514,26.1850,0.882600
20787.png,0.086162,26.3389,0.797400
7350.png,0.091719,22.5340,0.798700
6743.png,0.078006,22.3015,0.812000
16479.png,0.123869,23.1507,0.905900
7133.png,0.096829,19.9007,0.896700
3273.png,0.075225,29.8690,0.887700
18998.png,0.097702,25.1430,0.826100
11915.png,0.104452,28.8777,0.928500
9360.png,0.078950,23.0981,0.819600
16020.png,0.100293,26.4985,0.776300
8161.png,0.081338,16.9228,0.649700
2253.png,0.125203,33.3616,0.924500
20513.png,0.076230,19.7545,0.776200
15860.png,0.078082,29.9464,0.924300
6931.png,0.128492,25.6572,0.855800
11536.png,0.078400,20.3305,0.841900
149.png,0.077983,29.5220,0.939700
8670.png,0.130789,24.4353,0.841000
18480.png,0.081365,32.0664,0.940200
1002.png,0.078562,35.1109,0.895900
8541.png,0.133395,23.3232,0.879900
13329.png,0.080535,24.6075,0.870700
12843.png,0.076619,22.7195,0.857300
17196.png,0.129357,19.3179,0.712100
3306.png,0.084356,20.7203,0.803800
23740.png,0.076967,22.8691,0.818400
5836.png,0.130590,19.4341,0.809900
16018.png,0.073898,29.7187,0.876200
4572.png,0.077439,25.7003,0.869300
22677.png,0.123080,28.4062,0.882900
22153.png,0.079151,15.4728,0.935900
4017.png,0.079211,22.6108,0.849100
19995.png,0.081444,36.8783,0.941100
5589.png,0.082041,28.0642,0.868000
19004.png,0.077000,26.1846,0.847300
17963.png,0.076361,26.8286,0.863300
17794.png,0.097159,18.8067,0.849700
18054.png,0.110389,26.2232,0.932400
16458.png,0.075316,25.0573,0.829000
7239.png,0.115027,24.4764,0.844300
19809.png,0.101956,27.7621,0.811200
12171.png,0.083851,20.5304,0.843000
10133.png,0.075576,21.5496,0.916700
4723.png,0.076742,16.2025,0.732100
21968.png,0.134607,19.9517,0.727600
2342.png,0.076036,18.9215,0.756600
14864.png,0.077060,33.7616,0.690500
16828.png,0.140947,28.4887,0.936400
6203.png,0.078130,22.7646,0.842600
11134.png,0.074779,19.8451,0.747400
5519.png,0.124332,24.8962,0.903000
19293.png,0.076000,30.8758,0.896000
7481.png,0.094523,27.4131,0.726900
7883.png,0.113114,25.0971,0.944200
24046.png,0.076719,30.2479,0.911500
16209.png,0.075456,27.9331,0.873900
17619.png,0.122141,28.2725,0.880700
18803.png,0.073987,26.7211,0.932600
10021.png,0.115008,29.8074,0.918600
6549.png,0.125047,20.9962,0.859700
5165.png,0.076315,14.1099,0.872600
2828.png,0.115559,21.9586,0.827900
2254.png,0.123368,32.0540,0.910200
15448.png,0.076323,36.3791,0.978200
13451.png,0.116769,21.0089,0.837300
23325.png,0.129024,27.9684,0.928000
19724.png,0.078337,26.9265,0.903500
2264.png,0.087941,27.0418,0.874700
23738.png,0.134659,27.9628,0.940000
2760.png,0.079209,23.1841,0.835600
5645.png,0.075738,29.1574,0.815300
23542.png,0.077334,21.7723,0.734700
10559.png,0.077605,31.2522,0.864900
22452.png,0.101680,20.7039,0.876300
19736.png,0.080131,31.7260,0.894100
18611.png,0.090515,32.8615,0.893700
3647.png,0.097622,23.1899,0.777500
17073.png,0.077581,20.5435,0.772500
17425.png,0.100761,29.1541,0.923900
11996.png,0.120303,20.0323,0.903300
19307.png,0.077037,33.0508,0.911100
17719.png,0.109739,25.4846,0.880000
13895.png,0.130297,26.3202,0.919500
6355.png,0.076490,14.7594,0.640800
2122.png,0.095317,26.7649,0.847300
17222.png,0.120750,29.4427,0.817500
1119.png,0.076201,26.7014,0.829800
11013.png,0.081071,29.3607,0.916500
10633.png,0.091372,22.1441,0.825600
4741.png,0.079441,25.1305,0.904700
13097.png,0.080661,26.1917,0.896400
5291.png,0.121062,28.7831,0.958300
9884.png,0.076290,21.3393,0.868600
21625.png,0.096237,24.3485,0.898700
1974.png,0.125396,19.9431,0.636200
21533.png,0.075451,24.9761,0.842400
847.png,0.100737,22.4929,0.707200
18057.png,0.126074,14.9482,0.815100
3121.png,0.090523,35.4657,0.964800
1173.png,0.092179,24.8721,0.917600
1306.png,0.096403,18.3467,0.863500
21370.png,0.077044,23.5518,0.877600
17815.png,0.082391,33.1618,0.934800
15565.png,0.077491,30.2437,0.926700
18309.png,0.091622,25.2342,0.877100
11435.png,0.078366,25.6904,0.861500
1713.png,0.076592,24.9549,0.925200
9275.png,0.077331,31.2394,0.870000
17079.png,0.079822,27.3245,0.914900
10742.png,0.107665,24.4532,0.840000
13950.png,0.074057,23.5934,0.837800
9583.png,0.100229,19.7370,0.959000
7515.png,0.129610,26.2644,0.876100
10465.png,0.081486,32.2389,0.944000
3716.png,0.093768,26.5171,0.932200
22583.png,0.131358,31.1358,0.944600
11866.png,0.081501,30.3677,0.856600
22710.png,0.116178,22.1996,0.806600
15128.png,0.075995,23.9594,0.947000
17913.png,0.120306,30.0911,0.930700
1582.png,0.130484,28.3285,0.872100
14280.png,0.076169,26.1581,0.844700
3828.png,0.113316,27.8491,0.837300
19245.png,0.126244,21.6783,0.842600
17999.png,0.075431,28.8506,0.912500
15502.png,0.108581,34.9313,0.974900
11703.png,0.130604,27.9889,0.909900
2848.png,0.077765,19.1860,0.906300
14775.png,0.080496,18.3756,0.797300
14313.png,0.137646,15.6483,0.947800
18743.png,0.077591,24.9538,0.850400
4450.png,0.120475,30.3024,0.954200
18859.png,0.080655,22.6452,0.748900
19482.png,0.088556,15.4047,0.530200
21808.png,0.129054,21.3962,0.758800
11522.png,0.075657,28.5250,0.893000
17756.png,0.092824,23.4698,0.923300
20567.png,0.128069,18.9141,0.882100
6024.png,0.077029,27.7954,0.832900
11329.png,0.114664,30.8999,0.829900
13015.png,0.149112,25.4864,0.854400
8762.png,0.106029,24.7702,0.817600
8921.png,0.077497,30.4973,0.942900
5433.png,0.082571,23.1898,0.770600
17662.png,0.106882,20.3731,0.604800
11284.png,0.098219,19.7806,0.764800
23461.png,0.076721,18.1769,0.766400
6955.png,0.169184,25.2000,0.825800
4880.png,0.075672,28.3814,0.909100
17280.png,0.074322,32.9132,0.967600
20969.png,0.166567,23.8549,0.780900
16104.png,0.073998,26.8932,0.727300
11649.png,0.076497,23.3611,0.795700
14174.png,0.157087,28.0728,0.850300
4822.png,0.074398,25.2549,0.868400
17214.png,0.086573,25.2527,0.936800
2864.png,0.147286,16.0738,0.905800
22405.png,0.106257,31.1798,0.925600
19328.png,0.076325,19.3029,0.798500
2121.png,0.134491,22.7331,0.856200
18559.png,0.132799,22.7652,0.965500
3208.png,0.111018,30.8603,0.866900
10529.png,0.105943,25.2007,0.930200
14655.png,0.079140,22.3180,0.837500
8729.png,0.127979,30.5129,0.909700
22270.png,0.123610,28.2581,0.898500
19064.png,0.075916,21.8856,0.871900
14468.png,0.121900,20.6326,0.814000
5082.png,0.124787,21.3520,0.913100
18591.png,0.075258,29.9718,0.903300
14426.png,0.094770,27.4915,0.869200
14499.png,0.132921,32.6487,0.909500
15131.png,0.077273,22.0506,0.768500
24094.png,0.096817,29.6241,0.867500
18352.png,0.126675,35.4245,0.970500
7727.png,0.076146,18.1568,0.690900
20988.png,0.074177,21.9886,0.805500
18375.png,0.091228,25.5964,0.968800
22917.png,0.150319,23.6448,0.973700
22326.png,0.074175,19.2340,0.705300
22115.png,0.076002,21.3875,0.835400
8174.png,0.166138,17.3528,0.831200
13340.png,0.075301,28.1845,0.893700
1535.png,0.095011,23.8199,0.966500
14636.png,0.140091,27.0839,0.920500
19522.png,0.100470,23.3604,0.881600
2856.png,0.077571,26.7098,0.906900
23937.png,0.132448,24.1214,0.850800
18005.png,0.115176,22.2444,0.903500
23744.png,0.076767,21.3311,0.730900
97.png,0.124011,18.1629,0.762400
13018.png,0.078156,19.1699,0.836800
842.png,0.120475,27.6317,0.870600
2961.png,0.120754,16.3733,0.823800
14845.png,0.077003,27.4270,0.873900
9892.png,0.111726,23.5821,0.822000
17524.png,0.123272,23.6252,0.820000
23153.png,0.076531,26.3222,0.760800
17881.png,0.107745,21.3934,0.916700
10382.png,0.128878,23.8432,0.876300
18941.png,0.075720,22.5093,0.960500
7997.png,0.107519,25.7018,0.968500
56.png,0.120058,26.4332,0.838600
7490.png,0.078266,17.0920,0.847300
15241.png,0.092668,20.7424,0.802400
20040.png,0.131813,33.7706,0.912900
20833.png,0.093301,27.2784,0.876400
16546.png,0.077259,25.4389,0.884700
19569.png,0.081516,22.4217,0.945800
2172.png,0.077446,28.1289,0.900100
8381.png,0.075002,25.2620,0.823400
10462.png,0.106694,35.6292,0.942700
12865.png,0.078918,25.4388,0.927900
11312.png,0.087109,25.2393,0.813700
366.png,0.119368,26.6726,0.891200
4926.png,0.078702,27.6770,0.877400
1928.png,0.088402,19.8880,0.727600
23414.png,0.131195,25.3486,0.870500
14512.png,0.078260,28.1400,0.919400
15086.png,0.097570,34.4826,0.827300
20663.png,0.132146,19.9467,0.869000
6850.png,0.084777,27.6206,0.916800
11285.png,0.078328,22.7418,0.829000
4307.png,0.077870,22.2851,0.725800
5626.png,0.125184,22.8485,0.879400
5548.png,0.078436,19.1131,0.955600
7711.png,0.078173,24.7074,0.715300
22980.png,0.122850,29.2972,0.936700
2014.png,0.080561,23.6375,0.806000
13566.png,0.080456,28.4645,0.895800
16118.png,0.119044,27.4496,0.915200
8344.png,0.084196,29.1427,0.894100
19978.png,0.079670,24.2385,0.940700
10056.png,0.109664,31.4918,0.879000
20552.png,0.079111,22.5538,0.675100
9534.png,0.092960,20.5917,0.695800
5258.png,0.121603,21.0701,0.762600
16287.png,0.074978,26.6890,0.865100
1509.png,0.077660,26.6575,0.792000
7120.png,0.132002,21.1947,0.855700
11123.png,0.077302,25.8290,0.827300
9666.png,0.083572,24.9983,0.840900
21117.png,0.134945,25.4617,0.962600
5178.png,0.090417,28.6912,0.922900
20809.png,0.077148,38.2303,0.969800
7465.png,0.133928,20.1268,0.829500
22780.png,0.073898,31.0427,0.852500
23555.png,0.079744,28.6523,0.902500
17887.png,0.103838,25.2158,0.907200
16720.png,0.081885,24.7348,0.918600
5725.png,0.074629,23.2958,0.924800
18464.png,0.079004,25.5920,0.854100
20002.png,0.077150,25.8321,0.913800
13659.png,0.073385,33.8343,0.904800
10736.png,0.150059,31.8961,0.853900
4809.png,0.079532,28.7766,0.895500
17482.png,0.080708,20.4546,0.862800
11620.png,0.135007,18.1701,0.748700
8480.png,0.088351,28.9484,0.974100
22737.png,0.074283,24.3165,0.861900
7216.png,0.128391,20.3220,0.739500
7252.png,0.130652,20.8916,0.817400
12504.png,0.078895,26.2287,0.872400
20166.png,0.128234,25.6375,0.877400
16390.png,0.127355,18.1143,0.761300
23751.png,0.075032,20.6385,0.738900
2562.png,0.083611,25.9700,0.801900
6133.png,0.139238,26.3319,0.865500
22991.png,0.120808,20.3588,0.793100
800.png,0.112288,23.1135,0.873200
83.png,0.076404,23.7864,0.796500
4041.png,0.137095,17.7907,0.767300
13389.png,0.132262,29.0194,0.749500
13654.png,0.077652,23.1939,0.880300
8598.png,0.081766,23.0176,0.872700
21778.png,0.119786,25.3267,0.885600
16905.png,0.111625,29.5943,0.935500
9256.png,0.086354,26.3742,0.912400
8533.png,0.097349,22.8194,0.880000
17713.png,0.080132,24.8281,0.824400
574.png,0.076960,26.7036,0.913300
11484.png,0.134838,25.1019,0.775200
404.png,0.081362,24.6065,0.820900
7717.png,0.081446,19.3090,0.671600
6510.png,0.085483,28.1034,0.874000
6048.png,0.078237,27.6136,0.814200
5857.png,0.083516,14.5199,0.591600
3177.png,0.113721,24.1012,0.818500
10854.png,0.077834,29.1989,0.952900
3487.png,0.079363,26.7796,0.838900
11724.png,0.125665,24.3890,0.796100
13269.png,0.075515,25.2257,0.953000
15508.png,0.077744,32.3091,0.971100
22963.png,0.112633,41.1328,0.979100
15324.png,0.074617,25.4593,0.822500
14044.png,0.122770,20.0978,0.557900
5462.png,0.132496,35.8290,0.912600
22516.png,0.078739,16.4698,0.516400
10774.png,0.163647,22.8515,0.838900
2552.png,0.106848,27.4947,0.851200
5503.png,0.106966,26.9060,0.759700
431.png,0.139728,18.1610,0.761300
10946.png,0.078081,29.1806,0.961200
12322.png,0.147341,31.4853,0.878000
13077.png,0.161094,24.7977,0.914300
4527.png,0.078086,18.1054,0.725300
10824.png,0.117986,31.3994,0.912400
14739.png,0.135099,27.2063,0.915000
20553.png,0.075479,24.0974,0.729200
10952.png,0.100849,30.8138,0.946200
8613.png,0.116789,19.2427,0.954500
4893.png,0.079720,28.8251,0.876400
4359.png,0.115939,29.5732,0.860900
2420.png,0.120141,25.4784,0.945200
17416.png,0.144617,31.8376,0.899200
14982.png,0.112414,15.6931,0.774000
12998.png,0.075479,39.1981,0.968900
10568.png,0.112426,30.4215,0.915500
17377.png,0.124391,18.5234,0.621600
18104.png,0.082061,23.8710,0.895900
12879.png,0.091735,22.7134,0.823800
20610.png,0.136376,17.7772,0.764100
7226.png,0.079143,29.8722,0.943100
3877.png,0.081180,23.4112,0.899500
6245.png,0.126706,21.6095,0.849800
20214.png,0.084873,23.5408,0.752900
10227.png,0.088877,29.7772,0.927700
22261.png,0.127260,29.3140,0.927000
5927.png,0.078387,22.7181,0.783100
2033.png,0.096017,31.9105,0.925700
21098.png,0.105035,25.6474,0.952300
19740.png,0.083393,31.5787,0.932500
10051.png,0.085780,28.9966,0.866500
15889.png,0.077236,29.9581,0.915100
6706.png,0.076561,25.8601,0.858200
9400.png,0.110320,28.2482,0.878900
22213.png,0.079827,20.7532,0.863800
12482.png,0.086026,28.2189,0.959800
15849.png,0.128253,31.8460,0.899300
3524.png,0.122683,24.9668,0.937900
5920.png,0.076825,25.2889,0.813800
9563.png,0.105534,26.0187,0.848400
10882.png,0.074315,26.2131,0.941300
18141.png,0.101381,23.2881,0.815300
16647.png,0.121417,24.3627,0.892600
6454.png,0.152876,17.4696,0.887700
4564.png,0.113373,20.6684,0.807000
6393.png,0.094176,21.0583,0.801000
7603.png,0.102374,35.1305,0.923800
7651.png,0.099195,24.5181,0.905300
14962.png,0.074106,21.0723,0.974500
21921.png,0.074844,25.7700,0.768500
21791.png,0.132372,25.5443,0.890200
23864.png,0.086629,21.6303,0.920600
8490.png,0.081638,22.9840,0.845500
20732.png,0.119966,26.2986,0.798900
6613.png,0.075059,20.7578,0.855500
17734.png,0.082605,24.8996,0.863600
9952.png,0.124230,24.6775,0.921600
5211.png,0.077286,22.6867,0.892500
18614.png,0.082385,33.1664,0.875100
17538.png,0.078149,24.6035,0.809000
4878.png,0.077495,28.0976,0.871000
33.png,0.108453,26.3181,0.847500
9689.png,0.076877,29.4126,0.851900
3569.png,0.092025,29.3648,0.839600
15950.png,0.119371,24.1414,0.866400
9737.png,0.083672,20.4438,0.847500
3952.png,0.078261,25.3626,0.835300
20816.png,0.121974,23.2392,0.905500
22777.png,0.081049,28.0167,0.846500
6297.png,0.085381,21.3002,0.926300
1789.png,0.127959,29.9043,0.886900
21367.png,0.079690,21.1569,0.869700
20602.png,0.082459,27.8641,0.866400
20413.png,0.124879,19.2469,0.879000
11304.png,0.155024,23.3367,0.788500
3451.png,0.073474,21.2137,0.715300
7444.png,0.077509,30.0480,0.974500
3348.png,0.169606,19.5800,0.793500
10147.png,0.075563,29.6303,0.917700
13550.png,0.094039,23.0697,0.878900
13067.png,0.128970,25.0206,0.904700
6820.png,0.077512,20.2699,0.923100
14482.png,0.079505,16.8492,0.801200
4632.png,0.126570,25.4694,0.846900
20337.png,0.079613,22.4577,0.833700
13904.png,0.082652,19.5512,0.888600
10919.png,0.144146,28.9368,0.881500
2456.png,0.081062,19.6353,0.862100
20064.png,0.076219,22.6010,0.921900
22293.png,0.075084,23.8720,0.892900
17896.png,0.091215,19.4070,0.789200
1922.png,0.131136,27.4333,0.852800
19348.png,0.075769,20.1592,0.880800
15375.png,0.088271,23.9808,0.788600
21740.png,0.131869,26.7911,0.915200
3757.png,0.077179,20.4680,0.747100
15276.png,0.077365,25.4679,0.811500
13859.png,0.127915,23.6992,0.832100
22231.png,0.077700,21.6628,0.793000
23226.png,0.092978,30.2588,0.922800
2077.png,0.104776,25.6640,0.852200
23746.png,0.076616,20.7294,0.734700
12719.png,0.110829,24.8128,0.784400
16675.png,0.129791,28.8517,0.906500
5216.png,0.078557,22.6227,0.878400
15481.png,0.075494,16.2153,0.615100
14687.png,0.122888,30.9569,0.783600
15957.png,0.087883,23.8203,0.893700
21633.png,0.077204,20.4490,0.901200
12898.png,0.138746,26.1197,0.857500
11758.png,0.075287,21.5746,0.874700
20417.png,0.086885,17.4281,0.904300
20935.png,0.155352,14.5526,0.807100
21658.png,0.080512,32.1813,0.970600
19178.png,0.076574,25.3799,0.688500
20718.png,0.145606,27.0435,0.790400
6636.png,0.084480,21.9835,0.683400
13144.png,0.075477,23.4155,0.889900
22966.png,0.146019,27.3448,0.813800
16241.png,0.075913,32.6396,0.954100
21733.png,0.080629,23.2345,0.845000
23245.png,0.074977,30.0611,0.820500
6540.png,0.112711,33.6475,0.938500
1603.png,0.081268,25.1895,0.775200
23743.png,0.133126,28.5106,0.843800
3404.png,0.122484,33.1651,0.909900
18052.png,0.092359,32.2708,0.908000
13626.png,0.077183,29.2355,0.905900
9548.png,0.160039,24.0340,0.923100
17336.png,0.136221,18.2443,0.845600
18393.png,0.076320,23.8802,0.904200
2055.png,0.085017,22.7716,0.852000
14436.png,0.137800,26.1739,0.907600
19019.png,0.079878,22.3915,0.725900
12521.png,0.078807,26.1270,0.906900
21403.png,0.174129,28.4179,0.902800
10876.png,0.080762,22.9566,0.818400
3170.png,0.078081,26.4477,0.906800
20323.png,0.103505,27.9282,0.834900
20125.png,0.081061,24.2065,0.884800
23223.png,0.075792,36.4831,0.927900
4349.png,0.121412,28.0881,0.874800
10206.png,0.079537,35.1471,0.943700
20328.png,0.075367,21.1070,0.766000
5742.png,0.132504,35.4140,0.973900
22281.png,0.078594,26.9795,0.931100
14228.png,0.077622,27.8062,0.798100
16071.png,0.134883,20.8069,0.947700
903.png,0.080373,22.6404,0.836300
15974.png,0.082771,21.7028,0.845700
14209.png,0.119618,21.3764,0.899400
19563.png,0.083976,17.4551,0.714200
3919.png,0.076865,30.3465,0.881900
17227.png,0.120697,29.4060,0.859500
7682.png,0.075780,31.5642,0.887200
7841.png,0.074705,21.1697,0.946800
22029.png,0.120204,28.9150,0.888100
8470.png,0.077955,29.9609,0.903800
16166.png,0.079298,20.6271,0.859500
1113.png,0.132169,32.2364,0.913900
12679.png,0.073828,22.7036,0.860700
19946.png,0.081139,26.0063,0.845000
6908.png,0.150036,20.1336,0.802000
4457.png,0.078270,23.3414,0.717200
2285.png,0.078338,28.1800,0.918400
6041.png,0.138543,29.2045,0.854700
22137.png,0.075188,29.7522,0.937300
12012.png,0.077179,33.1741,0.971500
23267.png,0.093786,32.8432,0.887900
22552.png,0.097824,20.9436,0.852100
17063.png,0.077421,27.6708,0.909700
14226.png,0.088385,18.3702,0.765200
7155.png,0.074686,27.8063,0.821500
14714.png,0.085405,26.6125,0.908000
6323.png,0.107212,18.9076,0.870900
19546.png,0.073987,20.9050,0.675500
21560.png,0.079171,18.2879,0.897200
16627.png,0.125754,30.9839,0.907900
22604.png,0.079270,18.8713,0.954300
20341.png,0.079080,17.9429,0.837000
10799.png,0.132457,24.6848,0.846600
4127.png,0.080102,24.4237,0.888900
16305.png,0.076114,23.0499,0.877100
5669.png,0.075836,23.8431,0.960800
524.png,0.097655,29.6531,0.813300
10913.png,0.129786,26.4097,0.875900
775.png,0.080930,28.2929,0.846900
5079.png,0.096682,21.8952,0.891800
12506.png,0.125363,26.1173,0.792600
12627.png,0.077202,23.7460,0.805400
21458.png,0.107193,27.4194,0.833400
2071.png,0.135789,25.6995,0.804100
9857.png,0.079138,20.5029,0.853800
11089.png,0.084122,16.8450,0.779200
18917.png,0.123563,24.4045,0.855200
6434.png,0.074253,21.2274,0.677800
23470.png,0.103589,18.9926,0.703600
7870.png,0.121412,27.7902,0.823300
8811.png,0.084838,27.5622,0.774600
9464.png,0.083093,19.9697,0.806700
1384.png,0.125529,24.3856,0.906400
12537.png,0.078161,31.8322,0.911900
22142.png,0.087901,18.2295,0.948000
20993.png,0.121899,28.9867,0.862200
20868.png,0.075052,22.1998,0.938900
20860.png,0.110457,21.9163,0.750100
528.png,0.122673,24.4745,0.768500
22205.png,0.076190,21.0255,0.801400
17296.png,0.104412,22.9287,0.967500
680.png,0.119270,20.1274,0.732800
12155.png,0.077250,22.0636,0.919800
12451.png,0.108024,31.9917,0.949300
9556.png,0.123965,24.3238,0.890000
6721.png,0.085797,22.7193,0.877500
22916.png,0.119275,29.2176,0.963600
5313.png,0.129479,24.7382,0.855900
8958.png,0.077732,29.6557,0.912700
19321.png,0.173737,18.5501,0.677700
8218.png,0.103602,26.5571,0.846900
20311.png,0.080041,20.8482,0.863000
18128.png,0.077136,24.8915,0.862400
22811.png,0.115062,25.6625,0.899400
6327.png,0.077608,22.3665,0.820400
9762.png,0.078538,25.1736,0.796600
17383.png,0.123211,16.1194,0.706900
15139.png,0.077632,18.8374,0.609600
12926.png,0.077297,20.5612,0.837500
5144.png,0.121939,30.8312,0.778400
9235.png,0.083515,29.3319,0.900200
4273.png,0.076393,25.2719,0.905400
11732.png,0.134247,24.3805,0.912200
3148.png,0.105280,24.3387,0.889700
2013.png,0.117818,29.0716,0.913900
16099.png,0.087121,23.1141,0.689900
1209.png,0.082889,26.4430,0.904400
10565.png,0.121999,32.9094,0.881200
4466.png,0.075949,29.0633,0.928900
14111.png,0.103127,20.9263,0.870200
15273.png,0.115595,24.5567,0.780700
17514.png,0.076420,27.4429,0.886100
9148.png,0.108770,27.7260,0.940200
5383.png,0.120305,23.7856,0.896400
11115.png,0.074854,29.6553,0.831700
8900.png,0.123529,32.5804,0.966900
21140.png,0.128274,20.0854,0.739100
17937.png,0.078997,38.7350,0.970700
3482.png,0.087766,25.4506,0.890400
283.png,0.082244,18.6994,0.783900
4877.png,0.089159,27.0629,0.869700
8229.png,0.100921,20.2477,0.936200
22770.png,0.079203,35.4458,0.906700
5999.png,0.083334,22.5643,0.918700
16173.png,0.107963,27.3748,0.778200
21406.png,0.077294,30.1428,0.922200
10570.png,0.087187,31.0204,0.924800
11479.png,0.106482,22.6919,0.766400
2265.png,0.088087,26.3526,0.898600
1708.png,0.080295,22.5639,0.891200
15351.png,0.108449,22.9187,0.926500
11920.png,0.077527,23.5189,0.823700
7751.png,0.107085,23.6219,0.818400
14898.png,0.114429,30.6195,0.932400
9074.png,0.074828,22.3321,0.777500
2102.png,0.075414,23.4384,0.962800
13133.png,0.124641,26.4853,0.836300
17224.png,0.132117,22.2147,0.846500
24039.png,0.076765,27.5328,0.902800
12741.png,0.111117,28.0702,0.813000
9922.png,0.153799,18.8934,0.766500
13086.png,0.074276,28.2398,0.861600
18823.png,0.082971,23.7108,0.845200
18527.png,0.111736,29.1091,0.949500
22508.png,0.074706,13.7420,0.702800
4902.png,0.106507,29.1856,0.882300
11259.png,0.105615,29.1304,0.932100
21479.png,0.079243,23.6634,0.872300
2602.png,0.124149,28.7255,0.970100
13551.png,0.121354,16.3530,0.743300
7578.png,0.114639,22.4884,0.861100
11529.png,0.116224,30.2201,0.921000
16236.png,0.075830,20.9686,0.853800
23625.png,0.078451,28.6869,0.861700
2303.png,0.097666,20.6109,0.757000
15851.png,0.074903,27.5246,0.878800
19762.png,0.094708,30.1133,0.803100
10873.png,0.092916,26.3469,0.789500
12063.png,0.077180,20.8006,0.732900
7083.png,0.118692,25.9241,0.816500
15946.png,0.099563,19.0769,0.780200
23067.png,0.076752,22.1071,0.890800
9386.png,0.111186,24.7674,0.832600
7675.png,0.106050,30.3802,0.885200
13023.png,0.079899,22.0100,0.842600
709.png,0.110002,22.0642,0.779500
44.png,0.082120,30.8820,0.924000
23999.png,0.081163,22.1370,0.952600
3962.png,0.083273,26.6936,0.878200
6875.png,0.093094,25.7019,0.941200
1681.png,0.078058,27.6248,0.844000
14217.png,0.078584,24.3373,0.793900
18056.png,0.114833,20.4676,0.824000
3694.png,0.079257,31.1238,0.954500
14114.png,0.077498,18.2356,0.794800
15345.png,0.146743,18.3983,0.878100
5681.png,0.074909,26.7322,0.961400
2740.png,0.075260,24.8482,0.914400
5160.png,0.131810,16.9855,0.754900
19848.png,0.077292,19.2808,0.643300
22691.png,0.079077,23.9158,0.968000
3082.png,0.080283,29.1197,0.874300
599.png,0.084993,32.4001,0.937500
11914.png,0.089505,25.9467,0.903900
11504.png,0.082475,23.4508,0.784300
19540.png,0.086215,25.5292,0.872500
18074.png,0.087696,26.7923,0.805600
15590.png,0.113819,21.3002,0.854200
1452.png,0.080460,22.5151,0.800400
1853.png,0.076818,23.9504,0.848300
16830.png,0.130695,20.8543,0.803400
16922.png,0.084140,27.3907,0.944100
15070.png,0.078690,37.3740,0.957600
922.png,0.135759,28.0062,0.956600
3417.png,0.073880,30.1847,0.914400
18296.png,0.081757,21.9462,0.765300
16581.png,0.131050,29.4386,0.943200
21273.png,0.132850,24.3841,0.750000
17695.png,0.099767,31.5091,0.941200
14467.png,0.075230,18.5789,0.592100
934.png,0.128531,23.0485,0.967700
10320.png,0.108889,25.5168,0.853500
23097.png,0.075077,22.5183,0.864000
5833.png,0.127258,21.8128,0.858100
9381.png,0.101889,20.2287,0.662700
4908.png,0.077996,24.5540,0.863200
23434.png,0.123661,26.5861,0.877100
15725.png,0.108224,20.5883,0.821500
14431.png,0.078628,25.9555,0.795900
5695.png,0.128033,31.8074,0.880800
7051.png,0.105916,29.0782,0.845300
11865.png,0.076202,28.4746,0.884200
1916.png,0.129425,28.5025,0.809700
1412.png,0.096093,22.2925,0.802600
12816.png,0.079746,30.8368,0.925900
14820.png,0.090356,20.0627,0.772300
6796.png,0.078540,15.4081,0.747600
14317.png,0.079378,16.9209,0.742200
9478.png,0.130607,21.1234,0.884800
12842.png,0.088735,24.5706,0.900600
13705.png,0.082299,19.1937,0.714000
22610.png,0.125352,29.7994,0.961200
8448.png,0.086834,27.7848,0.929200
17556.png,0.076301,31.8504,0.851700
22835.png,0.137316,33.7152,0.870700
8.png,0.096877,24.9783,0.825000
410.png,0.081659,23.1163,0.776100
4957.png,0.130634,18.8928,0.799500
9928.png,0.075126,27.9448,0.921300
19303.png,0.075868,36.5745,0.969400
11081.png,0.078456,31.0769,0.918800
100.png,0.136131,18.2206,0.844400
3739.png,0.076169,26.6648,0.813000
5677.png,0.087466,23.2163,0.960800
13835.png,0.134255,8.7747,0.482700
8553.png,0.081606,20.8192,0.826300
4054.png,0.082489,24.9820,0.923400
6280.png,0.124389,24.6382,0.813600
9403.png,0.083769,24.1153,0.796700
5400.png,0.078563,25.8804,0.863200
4225.png,0.126410,22.7285,0.697100
2439.png,0.076136,32.2002,0.946300
5792.png,0.083603,19.6885,0.904600
21693.png,0.129930,23.9977,0.860200
1724.png,0.079417,23.6051,0.822300
3236.png,0.132903,24.5633,0.817500
21127.png,0.095769,32.3998,0.884100
4395.png,0.106428,31.0498,0.894300
9179.png,0.127389,23.5031,0.965800
5142.png,0.087349,21.0372,0.912400
9131.png,0.122648,25.0216,0.968600
23514.png,0.105652,28.2759,0.931500
20605.png,0.087299,28.6001,0.946200
8086.png,0.131895,17.9103,0.863400
20400.png,0.079341,30.6259,0.933100
12277.png,0.077638,21.5382,0.787600
7407.png,0.128647,27.4150,0.817900
21366.png,0.100168,30.0293,0.975500
13604.png,0.076715,18.8179,0.594800
20989.png,0.105053,30.3072,0.846100
9541.png,0.077208,14.3516,0.756800
9320.png,0.081406,17.3032,0.612900
16954.png,0.112916,26.3125,0.887300
10758.png,0.080979,19.0016,0.880300
17404.png,0.076615,22.8894,0.851200
7162.png,0.113547,26.0987,0.946000
1180.png,0.079591,23.4418,0.907000
19663.png,0.085733,28.4498,0.916500
17946.png,0.120779,23.2704,0.890500
5751.png,0.089285,23.4504,0.963400
13445.png,0.075713,22.9184,0.936900
7017.png,0.132075,23.3635,0.880600
13174.png,0.076210,33.7846,0.932900
7827.png,0.079437,27.9753,0.931300
23797.png,0.126022,24.3121,0.808700
17025.png,0.142158,23.9283,0.894100
10613.png,0.077482,20.6328,0.700900
16605.png,0.074611,30.1009,0.969300
13662.png,0.134406,28.5342,0.902500
12188.png,0.082560,18.5195,0.863200
21384.png,0.077169,29.4776,0.885100
14979.png,0.122212,26.5915,0.907800
14446.png,0.077088,19.3091,0.685800
291.png,0.075113,22.1540,0.851000
20234.png,0.093089,23.9393,0.624300
11475.png,0.077098,27.0412,0.923700
13812.png,0.090463,20.4326,0.638500
11080.png,0.105391,18.0508,0.718300
16028.png,0.074636,22.8976,0.937900
11709.png,0.088381,23.9447,0.860400
19867.png,0.078220,19.3996,0.794400
8592.png,0.074978,21.4388,0.880400
14831.png,0.130960,18.8540,0.835300
12666.png,0.076108,28.9994,0.846500
22672.png,0.075712,25.1386,0.876100
10342.png,0.133092,19.7046,0.810600
14417.png,0.074606,27.9687,0.925900
10413.png,0.077320,28.3826,0.888000
8165.png,0.117062,24.4425,0.898400
21000.png,0.074638,18.3622,0.759400
8513.png,0.077296,25.0514,0.859400
10924.png,0.098832,23.3605,0.881600
21250.png,0.077257,30.0309,0.926900
22477.png,0.080470,25.1331,0.855200
3657.png,0.074950,24.2521,0.705200
16595.png,0.075442,29.4846,0.903300
20531.png,0.117874,27.4138,0.970500
19971.png,0.084108,35.7595,0.947000
15526.png,0.091734,28.9973,0.860100
90.png,0.116419,29.3272,0.816200
3414.png,0.077444,34.4298,0.951600
9668.png,0.109489,23.6609,0.763100
902.png,0.095353,26.7166,0.843500
4946.png,0.077504,19.2104,0.872000
17838.png,0.082188,20.9334,0.886300
3756.png,0.141968,21.9635,0.793400
11887.png,0.074090,29.1621,0.832000
13403.png,0.135474,20.8639,0.906400
9106.png,0.073777,32.6244,0.917100
10357.png,0.080059,33.8363,0.981200
21556.png,0.099801,21.0080,0.739100
22554.png,0.099615,20.6738,0.836100
14535.png,0.090408,17.1257,0.665600
1331.png,0.118263,28.7515,0.886900
7181.png,0.077928,21.4005,0.838700
13995.png,0.075877,30.8419,0.826000
7382.png,0.078829,21.0517,0.839800
7234.png,0.126312,21.7161,0.727900
3290.png,0.075920,23.1374,0.864200
21573.png,0.085350,31.9199,0.958400
19449.png,0.130527,26.5569,0.932600
12485.png,0.092871,27.7144,0.939000
19045.png,0.098385,25.4787,0.794400
17392.png,0.089284,16.6740,0.771400
5506.png,0.077308,31.6049,0.911900
6978.png,0.076066,27.9231,0.792600
23679.png,0.131380,31.6650,0.806200
7593.png,0.081541,30.5794,0.909700
15545.png,0.073208,24.5410,0.834400
17809.png,0.103115,23.0896,0.794300
15470.png,0.082484,24.8141,0.768500
16326.png,0.079247,18.6032,0.874400
14000.png,0.121166,28.6849,0.838900
261.png,0.078027,23.4155,0.904400
20991.png,0.077130,29.9849,0.858700
15654.png,0.126270,29.6024,0.864600
15462.png,0.089640,26.9285,0.886500
20392.png,0.079582,36.8279,0.949500
13633.png,0.121637,28.1807,0.881000
13357.png,0.094801,26.8266,0.860700
9399.png,0.076747,25.1788,0.854800
8642.png,0.149882,21.0528,0.874900
6747.png,0.082498,25.3609,0.948700
17576.png,0.082892,17.5292,0.703100
4281.png,0.075668,25.9099,0.874100
7132.png,0.081743,24.1258,0.890100
3615.png,0.124795,28.0955,0.904600
15237.png,0.080295,22.1790,0.861200
23776.png,0.078398,27.4846,0.930200
17780.png,0.137290,29.9356,0.883000
21615.png,0.075968,17.1088,0.848100
4056.png,0.081424,23.8200,0.843100
8360.png,0.129159,24.1881,0.846900
23681.png,0.074661,30.8822,0.819900
4371.png,0.077532,23.1193,0.823700
2644.png,0.129199,21.4267,0.860000
10724.png,0.077742,25.2433,0.901800
8846.png,0.086233,23.8263,0.863500
10226.png,0.116872,26.2955,0.924700
5071.png,0.075352,25.8805,0.871000
5788.png,0.084423,20.7168,0.862700
16244.png,0.083403,25.6060,0.890500
17056.png,0.077462,25.3904,0.938900
17410.png,0.078136,24.5482,0.933000
8436.png,0.105501,23.7757,0.850500
3911.png,0.080175,29.0090,0.865700
17326.png,0.074667,24.8652,0.918000
4882.png,0.109319,25.2454,0.867000
17138.png,0.074199,22.1193,0.807300
1838.png,0.083619,23.9243,0.928900
13789.png,0.125170,22.2653,0.859100
23649.png,0.087708,18.5230,0.618800
11068.png,0.075712,25.3672,0.937800
23879.png,0.135397,22.1408,0.894800
957.png,0.085115,24.9014,0.858200
7647.png,0.086275,22.3309,0.891700
15094.png,0.089363,30.2770,0.875100
5348.png,0.105803,23.3133,0.808900
1855.png,0.076497,21.0717,0.797100
2060.png,0.089843,25.0475,0.757400
15822.png,0.112849,18.7150,0.959300
16410.png,0.075121,28.6936,0.857700
10945.png,0.079403,30.7257,0.957200
15212.png,0.074112,21.1421,0.549100
11110.png,0.077157,22.1011,0.896900
856.png,0.138379,24.3745,0.831500
24077.png,0.098720,23.3823,0.767700
14673.png,0.078139,25.8551,0.746300
7289.png,0.082047,22.2853,0.737500
7369.png,0.078218,21.8378,0.868700
8851.png,0.075882,23.8529,0.807300
21698.png,0.117626,22.7183,0.876500
11007.png,0.074078,26.5566,0.894500
14304.png,0.078119,16.5393,0.946500
6284.png,0.168619,20.9839,0.791400
16313.png,0.124560,27.4331,0.849300
20583.png,0.125834,24.2657,0.864300
12689.png,0.087962,35.6967,0.950000
17144.png,0.111833,24.5541,0.899600
13353.png,0.147322,28.3778,0.951800
21331.png,0.127182,28.2968,0.917000
11930.png,0.081551,22.1587,0.771900
3203.png,0.130887,25.6763,0.852300
11035.png,0.120331,23.7601,0.741100
4059.png,0.076002,24.4805,0.829200
17437.png,0.127436,24.9679,0.857700
12946.png,0.076060,19.4298,0.816000
12311.png,0.134915,29.8096,0.862200
11816.png,0.101724,16.3996,0.767400
8361.png,0.081180,27.9357,0.852700
12287.png,0.131455,25.6791,0.803900
15235.png,0.115775,33.3692,0.960000
6460.png,0.074118,15.7300,0.800000
7344.png,0.107285,20.8418,0.587700
18108.png,0.093863,29.8475,0.921700
1292.png,0.075854,23.5042,0.789900
7265.png,0.128574,19.6724,0.856600
8399.png,0.101354,19.0048,0.801800
10273.png,0.074286,29.2003,0.965200
9503.png,0.134657,19.9140,0.710500
4639.png,0.098216,24.7295,0.868400
9890.png,0.075472,21.0906,0.843300
6126.png,0.075127,25.9587,0.852000
12327.png,0.075705,24.7430,0.783600
9554.png,0.076019,27.3342,0.901700
3244.png,0.119583,27.0292,0.889200
21978.png,0.085894,28.4978,0.800800
9526.png,0.075877,27.5434,0.811900
1057.png,0.124085,18.8595,0.950500
21243.png,0.094071,16.7769,0.761300
1520.png,0.073315,22.0063,0.742000
10564.png,0.120618,23.4688,0.873500
6881.png,0.112275,23.6433,0.868000
18055.png,0.075441,20.5137,0.878400
11462.png,0.110790,27.7299,0.929000
7842.png,0.110047,27.7954,0.916000
13552.png,0.074338,29.2866,0.882800
9805.png,0.109839,24.7696,0.909300
8739.png,0.080645,27.8093,0.814700
12826.png,0.078661,20.0794,0.883900
7716.png,0.093502,13.7262,0.582700
2117.png,0.086424,28.0423,0.882500
3891.png,0.080449,31.1758,0.890000
14950.png,0.116092,28.0557,0.959600
21662.png,0.106221,35.5108,0.973100
2447.png,0.075962,18.5867,0.844000
12013.png,0.123262,30.5974,0.968600
20103.png,0.123259,24.7552,0.870100
24012.png,0.075811,24.2105,0.849400
10410.png,0.113165,24.6940,0.788000
4981.png,0.107936,14.8350,0.770600
20185.png,0.074495,27.7218,0.834800
6251.png,0.109402,26.9548,0.958500
6438.png,0.107625,26.5645,0.808400
11231.png,0.127759,21.9401,0.828700
6291.png,0.074671,21.1473,0.923800
2524.png,0.088079,27.8632,0.851200
11267.png,0.130505,28.9483,0.941600
11683.png,0.079460,25.1813,0.881200
2173.png,0.077797,30.2996,0.908600
4227.png,0.124764,27.7783,0.835200
4487.png,0.083910,23.5560,0.873300
361.png,0.075226,23.6925,0.756300
415.png,0.115458,24.6956,0.867900
16906.png,0.077321,26.9461,0.930400
9732.png,0.074829,26.6832,0.842200
21167.png,0.117301,25.8936,0.888600
21552.png,0.079660,22.0427,0.787200
3240.png,0.081294,29.1276,0.799900
19819.png,0.100101,26.8486,0.962700
20371.png,0.080526,19.6754,0.812700
9298.png,0.077657,22.3199,0.754800
4468.png,0.128159,25.1257,0.919200
20987.png,0.074730,23.3034,0.812800
3943.png,0.085490,19.8713,0.796200
9667.png,0.128403,25.6132,0.746100
11136.png,0.083485,21.5186,0.729300
19643.png,0.075410,21.4174,0.752900
11460.png,0.135420,26.5766,0.901400
23253.png,0.077500,28.5291,0.892600
2120.png,0.074447,23.9460,0.736800
2431.png,0.131512,23.5785,0.944300
14848.png,0.076237,21.4384,0.888400
10024.png,0.079471,28.3814,0.909500
2387.png,0.113752,18.4085,0.930200
7562.png,0.085133,36.2398,0.970900
14090.png,0.118005,35.9872,0.934900
21555.png,0.083299,20.1955,0.826500
6287.png,0.078338,22.7305,0.836000
8255.png,0.139356,31.7881,0.910600
18696.png,0.078261,24.9942,0.819500
95.png,0.076302,20.1945,0.941100
11630.png,0.126893,22.0453,0.838400
15104.png,0.077308,25.8084,0.804600
3344.png,0.075745,23.0803,0.700400
7826.png,0.127042,29.8692,0.927000
7486.png,0.076106,16.3301,0.831600
3137.png,0.075982,23.6210,0.842400
21636.png,0.111514,16.7686,0.741300
17944.png,0.074380,22.6879,0.940300
9160.png,0.075949,25.2418,0.859100
13863.png,0.095897,29.5705,0.896700
4770.png,0.087131,21.4446,0.940200
1311.png,0.074164,20.5878,0.872800
2150.png,0.128109,21.7124,0.846000
9845.png,0.091944,34.1773,0.916100
13664.png,0.075892,22.2063,0.888000
19670.png,0.125225,27.3490,0.948500
15208.png,0.074525,23.8436,0.796400
15486.png,0.084204,15.1134,0.689900
2733.png,0.107740,19.1423,0.932200
14026.png,0.079309,27.3350,0.873400
14235.png,0.079346,21.8975,0.884500
18422.png,0.076222,23.9602,0.778000
20081.png,0.074271,19.1964,0.746200
979.png,0.104322,30.8785,0.884300
12635.png,0.076975,32.2660,0.933900
75.png,0.107733,27.3455,0.770500
15363.png,0.077875,25.5295,0.789100
9729.png,0.136950,25.5266,0.818500
17365.png,0.131724,21.0551,0.863700
9643.png,0.084511,31.4426,0.931200
21314.png,0.103797,30.4500,0.887000
20701.png,0.136900,27.8094,0.862600
5441.png,0.074416,25.6714,0.877500
16716.png,0.119660,29.3074,0.943000
7998.png,0.132203,19.0710,0.959300
15763.png,0.086280,28.4534,0.928600
14095.png,0.091970,35.1669,0.950600
3720.png,0.139299,22.2525,0.727700
3268.png,0.081538,23.1264,0.868900
11105.png,0.075175,21.9869,0.959600
19936.png,0.132860,20.0800,0.754000
16422.png,0.077064,22.1768,0.753600
8096.png,0.086120,21.0523,0.729400
5114.png,0.125358,18.7948,0.747600
13439.png,0.079281,24.2906,0.820600
5036.png,0.095107,17.4863,0.868000
5711.png,0.134227,20.2155,0.830600
19603.png,0.077793,29.8137,0.879800
13277.png,0.087446,26.1992,0.861200
14556.png,0.127922,30.9447,0.894600
5772.png,0.078774,21.4114,0.851600
3994.png,0.093871,18.7175,0.958200
8694.png,0.126197,21.0475,0.918800
1995.png,0.084741,27.1488,0.897800
18703.png,0.103812,25.1291,0.918000
22031.png,0.125490,24.5430,0.845500
19834.png,0.077853,24.2239,0.931200
4637.png,0.085572,23.4766,0.803500
9489.png,0.126124,18.4723,0.764100
4419.png,0.079405,24.8289,0.872600
13965.png,0.075056,23.7151,0.834600
4759.png,0.122187,20.3198,0.806800
20380.png,0.077975,31.3289,0.897800
6115.png,0.079097,25.3464,0.905900
11249.png,0.128250,27.3163,0.946500
4846.png,0.085029,25.1896,0.792300
12109.png,0.086739,27.1552,0.882700
2176.png,0.124605,21.5220,0.767100
14771.png,0.076891,19.9644,0.806400
10383.png,0.099678,29.0187,0.883000
16439.png,0.127601,24.2943,0.839100
7796.png,0.076004,30.8310,0.907500
5783.png,0.090521,21.9574,0.755600
16538.png,0.102110,23.9155,0.864600
2457.png,0.075738,20.8995,0.862700
11394.png,0.079679,19.4672,0.805500
12024.png,0.132221,25.6233,0.967200
21088.png,0.077667,35.6022,0.962100
20858.png,0.093736,21.3205,0.700300
9477.png,0.129274,19.4375,0.864000
11970.png,0.076124,22.3763,0.778200
3892.png,0.104883,29.4641,0.913800
2753.png,0.124080,21.8595,0.830300
23464.png,0.080530,18.7063,0.796800
15794.png,0.099111,25.4480,0.937400
11618.png,0.119582,18.6631,0.855000
3241.png,0.074323,26.4134,0.753800
9693.png,0.090172,30.7087,0.932300
23788.png,0.122200,23.7862,0.841200
22416.png,0.120942,23.1845,0.862100
9612.png,0.080142,26.4563,0.897500
22640.png,0.080843,25.8252,0.921700
6867.png,0.088944,22.0251,0.789500
8830.png,0.080655,19.5534,0.809700
7045.png,0.083161,29.3840,0.886300
11142.png,0.076277,20.7375,0.750000
183.png,0.087253,24.0305,0.806100
12212.png,0.092976,29.9304,0.864800
23343.png,0.078423,22.9742,0.835900
16668.png,0.077793,29.6210,0.933100
4368.png,0.110715,22.8285,0.804300
9629.png,0.077015,33.1346,0.923600
1021.png,0.086677,29.5444,0.887900
20811.png,0.133010,31.8821,0.858400
10853.png,0.074386,33.2933,0.957100
18270.png,0.082810,31.3798,0.917100
21505.png,0.086211,29.9575,0.827600
17877.png,0.074472,28.5503,0.916300
2656.png,0.080902,28.7164,0.902100
21986.png,0.098809,28.4813,0.819700
7572.png,0.079798,21.4581,0.778300
21541.png,0.076132,20.8176,0.740300
23050.png,0.113965,22.6151,0.928400
18093.png,0.074770,22.9711,0.909800
4134.png,0.085955,30.1004,0.918500
13303.png,0.131653,22.2589,0.804900
4897.png,0.075645,23.5395,0.823400
11486.png,0.077684,25.7059,0.788000
14474.png,0.133706,19.4426,0.766900
2670.png,0.075178,25.6440,0.930300
4296.png,0.093092,20.8293,0.829700
2875.png,0.076300,25.4406,0.897600
18871.png,0.075124,22.8794,0.879200
6340.png,0.075619,17.1220,0.804600
3599.png,0.175468,27.6882,0.890300
19402.png,0.135773,32.6502,0.875400
7179.png,0.076744,23.8485,0.898500
20309.png,0.084462,23.8413,0.813700
6371.png,0.133576,27.4899,0.976000
8305.png,0.082896,26.1577,0.902400
14893.png,0.081592,26.0166,0.935500
16329.png,0.131856,28.2773,0.891300
12951.png,0.079039,21.4024,0.842000
393.png,0.077714,28.8691,0.944500
14269.png,0.132972,29.1231,0.935900
23128.png,0.079270,21.0577,0.765500
19453.png,0.075488,21.9258,0.960500
11795.png,0.149675,29.0362,0.894700
3575.png,0.079930,23.3066,0.815900
19880.png,0.075649,29.9518,0.871300
7903.png,0.156998,24.7225,0.858100
12724.png,0.075619,30.2846,0.846000
18213.png,0.077956,24.0880,0.804700
14216.png,0.157083,25.6820,0.818900
17517.png,0.091779,28.8063,0.790600
21754.png,0.075743,26.9991,0.887100
14440.png,0.140339,32.9652,0.947700
12590.png,0.094426,24.9130,0.886700
14062.png,0.081016,24.8310,0.969300
4356.png,0.138076,28.8227,0.892000
15897.png,0.082294,19.2909,0.796600
706.png,0.078461,17.6562,0.766900
21567.png,0.132355,22.5165,0.883500
19512.png,0.113099,23.5117,0.911100
11135.png,0.076510,19.9014,0.729400
4107.png,0.119271,24.6512,0.906700
20378.png,0.130327,29.8416,0.878500
22690.png,0.074630,24.0953,0.970700
189.png,0.116083,28.2922,0.823500
19952.png,0.134814,31.0635,0.975400
14547.png,0.078648,29.6623,0.910400
23374.png,0.093660,30.3283,0.844100
2514.png,0.135594,28.7514,0.972100
7843.png,0.074860,28.8133,0.899600
6430.png,0.076093,19.6870,0.680100
5790.png,0.127437,24.3759,0.935600
8177.png,0.077192,25.4519,0.798400
21801.png,0.108741,34.5578,0.903400
5949.png,0.147897,20.9981,0.846300
14841.png,0.078502,25.2104,0.886300
4968.png,0.086159,29.2309,0.931800
21274.png,0.113929,22.7934,0.738600
23824.png,0.076586,29.1202,0.866300
2793.png,0.080249,30.7348,0.911900
18622.png,0.124649,22.5341,0.860900
15331.png,0.073962,21.4631,0.775600
17270.png,0.076352,21.5219,0.800900
21159.png,0.132076,26.2166,0.781600
6349.png,0.075078,23.0212,0.912800
2440.png,0.117855,28.9948,0.942500
8502.png,0.127789,22.0961,0.714500
21483.png,0.074581,23.3678,0.917800
10013.png,0.103955,25.2357,0.855000
22924.png,0.134733,33.6461,0.932800
10245.png,0.077192,15.0499,0.512300
11206.png,0.078912,26.1528,0.896600
874.png,0.134545,21.9327,0.881900
2318.png,0.080016,17.6746,0.829700
12494.png,0.108511,19.2975,0.882600
14299.png,0.121863,16.5903,0.927700
2295.png,0.076602,23.9905,0.896300
23054.png,0.081865,22.0990,0.916300
14074.png,0.128575,26.6786,0.967300
6493.png,0.083348,23.5418,0.775800
9632.png,0.077617,22.3563,0.859400
179.png,0.125081,25.8224,0.883100
1638.png,0.080338,23.9521,0.771800
14892.png,0.096799,29.8930,0.896200
3301.png,0.109608,22.6287,0.774100
11527.png,0.077880,22.8113,0.908900
6569.png,0.077681,26.7291,0.879500
6127.png,0.085199,25.7903,0.851900
11646.png,0.128980,24.0188,0.926500
6846.png,0.074393,27.1765,0.929300
7900.png,0.075837,33.6817,0.943800
2064.png,0.122513,18.4504,0.777700
16121.png,0.074185,32.5836,0.904700
23648.png,0.093028,25.9502,0.906700
22218.png,0.113147,22.8260,0.785300
23351.png,0.081998,32.5411,0.915200
1712.png,0.077793,28.6833,0.902400
16707.png,0.091088,28.9299,0.869400
19514.png,0.076710,27.4042,0.898500
3541.png,0.086721,22.9069,0.789400
9334.png,0.078584,22.1391,0.896600
21699.png,0.073629,29.3171,0.951200
8941.png,0.076983,25.9261,0.904500
12887.png,0.096466,23.7457,0.848300
18744.png,0.073968,22.2870,0.846100
16362.png,0.093633,27.9637,0.895600
12853.png,0.073477,29.5892,0.899200
23604.png,0.075942,24.8989,0.864500
13292.png,0.110684,16.4962,0.794600
3264.png,0.075859,22.9920,0.805200
23671.png,0.077738,25.0288,0.925900
12457.png,0.116129,27.4457,0.890300
11514.png,0.077291,27.3006,0.790100
5075.png,0.077022,17.3219,0.886900
21675.png,0.128867,22.1282,0.891600
2874.png,0.075166,19.8036,0.830000
16690.png,0.110552,27.2481,0.921300
5045.png,0.077770,21.0183,0.905600
23489.png,0.127752,19.9479,0.966400
12720.png,0.074421,25.3901,0.792000
2200.png,0.079023,28.7771,0.907800
8873.png,0.123513,26.3781,0.894600
2158.png,0.074460,23.9067,0.894900
15546.png,0.074359,24.4335,0.794700
13764.png,0.080770,36.4854,0.946100
10085.png,0.107520,25.8273,0.872200
4674.png,0.084474,20.6452,0.716900
1342.png,0.082827,28.8955,0.867400
18779.png,0.083865,17.7008,0.692500
21559.png,0.088524,28.3340,0.905300
4333.png,0.078445,24.8134,0.965400
15333.png,0.074724,20.6171,0.931400
12547.png,0.136342,27.3532,0.944500
11640.png,0.114038,30.3553,0.976100
16089.png,0.092421,25.9435,0.655700
18361.png,0.076882,22.0012,0.907200
9607.png,0.121347,27.7542,0.910500
4284.png,0.076900,26.8998,0.900300
20865.png,0.085527,26.4095,0.913800
21668.png,0.135975,32.2244,0.957800
14288.png,0.077817,31.3411,0.876400
14968.png,0.075423,21.4510,0.850000
18214.png,0.138774,18.5196,0.760500
2149.png,0.074113,27.6604,0.880200
19374.png,0.080498,23.1809,0.777600
592.png,0.147695,25.8334,0.909800
9240.png,0.075961,26.2702,0.903600
9104.png,0.080672,24.9651,0.886400
14783.png,0.156770,28.2723,0.904900
2271.png,0.076574,26.4970,0.855100
14029.png,0.082450,22.2733,0.740300
3188.png,0.074749,34.8192,0.963600
9709.png,0.127682,23.3131,0.945000
19191.png,0.075528,22.0549,0.848700
20388.png,0.085232,19.6738,0.885400
24011.png,0.113208,30.1335,0.907000
303.png,0.077218,32.7421,0.967900
18904.png,0.083688,17.7462,0.783900
2682.png,0.131382,20.6630,0.830400
16732.png,0.075352,25.3859,0.942600
4007.png,0.100793,29.9147,0.921000
11869.png,0.127419,22.5367,0.716400
16976.png,0.075046,27.4375,0.860200
22109.png,0.094937,21.5516,0.852000
23045.png,0.131520,20.9980,0.923800
17216.png,0.084385,30.5999,0.895600
17207.png,0.090374,26.6529,0.952500
4482.png,0.127197,22.2439,0.826800
17826.png,0.080205,27.2908,0.939200
9750.png,0.094877,22.0177,0.699700
3629.png,0.129838,25.6540,0.883500
5542.png,0.073939,27.9109,0.767500
3007.png,0.094019,27.9230,0.878700
14674.png,0.133628,27.7315,0.823000
4304.png,0.077823,23.7155,0.788800
23021.png,0.087056,24.6126,0.893400
14164.png,0.130214,32.5137,0.922200
7791.png,0.077649,29.3480,0.852800
12083.png,0.096365,26.1965,0.880000
21401.png,0.134825,19.4837,0.736300
7348.png,0.081002,20.7759,0.759900
7586.png,0.080486,27.6434,0.913400
11988.png,0.131247,26.7691,0.932100
12141.png,0.091254,35.3401,0.896600
2015.png,0.081430,23.4114,0.806100
18292.png,0.112132,21.9717,0.899500
650.png,0.083530,23.1510,0.775900
11447.png,0.091440,26.2000,0.891400
22675.png,0.124882,25.9500,0.792200
20796.png,0.074141,23.0815,0.952600
2001.png,0.074545,26.7608,0.825600
16694.png,0.130680,26.2585,0.908900
5119.png,0.076348,20.0477,0.836600
23255.png,0.107352,31.2363,0.888200
17035.png,0.110285,25.5493,0.838700
2809.png,0.078816,23.5728,0.855900
14838.png,0.080368,25.5051,0.833700
19383.png,0.074244,26.4672,0.903400
18629.png,0.138157,25.4312,0.933600
17440.png,0.079321,22.3728,0.798600
1621.png,0.087520,19.2171,0.926700
21105.png,0.142665,27.2836,0.943200
19110.png,0.077665,20.2414,0.914300
20812.png,0.081857,30.4748,0.873400
5327.png,0.161014,23.9607,0.884700
7806.png,0.084572,31.2690,0.877500
11456.png,0.074237,24.7088,0.916300
7138.png,0.157210,28.5518,0.919400
4348.png,0.076764,27.4836,0.879400
7000.png,0.075567,24.2578,0.778100
13142.png,0.156971,24.1093,0.857900
7946.png,0.086694,31.5116,0.914400
19039.png,0.084180,25.8487,0.903400
1856.png,0.148913,22.5484,0.855700
15304.png,0.076637,15.2818,0.403300
23588.png,0.075562,21.8237,0.850200
13573.png,0.123770,30.5806,0.855200
8557.png,0.073562,22.1894,0.882000
5449.png,0.074362,27.8761,0.848700
3706.png,0.168169,26.3956,0.963600
23515.png,0.075389,30.6163,0.902500
20080.png,0.090254,20.2920,0.753000
8843.png,0.148754,27.6432,0.774800
15975.png,0.080221,24.0555,0.862600
22689.png,0.076051,26.8527,0.967500
860.png,0.149835,25.5389,0.918200
14553.png,0.079659,27.8843,0.875400
18043.png,0.077152,29.7894,0.898400
8398.png,0.129670,29.7675,0.883600
937.png,0.076148,28.7449,0.937900
14385.png,0.076619,27.1669,0.853500
19267.png,0.130354,26.3285,0.937600
5961.png,0.079543,37.3569,0.938900
19197.png,0.080810,22.1372,0.920000
9882.png,0.141676,21.9286,0.881800
7745.png,0.083839,23.2038,0.775300
3963.png,0.077276,28.8013,0.921000
916.png,0.139656,27.3039,0.956200
10137.png,0.072930,25.9051,0.817500
17759.png,0.079180,40.6371,0.979400
9842.png,0.154119,30.0551,0.853700
9810.png,0.076874,29.1775,0.943400
15182.png,0.078512,23.2745,0.930600
10921.png,0.108768,28.4700,0.847200
15441.png,0.079483,18.2603,0.785000
10744.png,0.075445,28.6329,0.807900
19329.png,0.123372,17.3486,0.752400
3099.png,0.102003,22.3429,0.862200
12486.png,0.074663,22.2915,0.898300
2256.png,0.129350,27.0539,0.870500
1319.png,0.075883,20.4780,0.854400
8205.png,0.078428,24.0329,0.858100
8922.png,0.122998,29.9284,0.935600
13671.png,0.076048,24.9590,0.903100
14338.png,0.074951,23.8033,0.795500
20307.png,0.125990,20.9842,0.820500
15288.png,0.074808,27.7733,0.748400
22069.png,0.075012,31.7614,0.932800
8677.png,0.081264,22.2126,0.850000
13876.png,0.127612,29.9453,0.935800
10108.png,0.082395,26.2896,0.889300
8311.png,0.076799,26.4509,0.878500
8347.png,0.132153,23.6721,0.855900
12651.png,0.074443,26.7467,0.909900
9558.png,0.075104,25.7804,0.779400
9936.png,0.125875,26.0636,0.918700
7569.png,0.078586,22.9600,0.893200
2899.png,0.079777,21.5436,0.967800
12088.png,0.099225,28.9594,0.936900
19843.png,0.077367,24.9143,0.845300
13359.png,0.080716,28.8906,0.867500
13239.png,0.077249,18.8715,0.782500
15092.png,0.077505,32.7127,0.851000
1360.png,0.124424,16.9070,0.900700
17240.png,0.078742,22.4262,0.799700
5925.png,0.139263,22.8402,0.645500
13458.png,0.083167,28.0087,0.912400
15003.png,0.085321,24.4680,0.896700
3296.png,0.147767,29.8623,0.890200
11405.png,0.082230,20.0933,0.904000
16025.png,0.077136,30.5303,0.884000
418.png,0.160632,28.1006,0.913900
17799.png,0.073391,21.8530,0.764600
23742.png,0.081350,29.1447,0.872100
6552.png,0.180209,22.1396,0.894900
17742.png,0.076119,26.9259,0.898900
19613.png,0.078456,25.3786,0.876000
2834.png,0.149666,24.5906,0.860500
22685.png,0.087650,19.6276,0.716900
11986.png,0.083065,26.6383,0.915900
19529.png,0.171436,27.4743,0.881700
1074.png,0.173682,29.9110,0.899400
17355.png,0.178010,27.2365,0.860100
16213.png,0.141798,26.7166,0.923500
22965.png,0.171182,29.4337,0.933100
828.png,0.088443,21.7085,0.869300
14719.png,0.097992,22.7906,0.791100
21190.png,0.079654,28.0698,0.843200
13982.png,0.140612,24.9344,0.804700
10546.png,0.146138,24.2930,0.872000
22214.png,0.116455,22.4042,0.902000
22382.png,0.078433,31.6233,0.906300
22544.png,0.156819,22.0293,0.822800
19965.png,0.161896,32.9431,0.955400
18997.png,0.075398,31.1207,0.941000
14676.png,0.077226,21.6550,0.857500
13986.png,0.156115,25.3104,0.801600
8138.png,0.076682,20.2182,0.865700
10129.png,0.111541,26.3779,0.840800
14843.png,0.129607,23.3172,0.787800
19631.png,0.169269,22.4911,0.850200
16930.png,0.085616,28.0001,0.910600
2932.png,0.156460,25.1523,0.859800
5403.png,0.164572,24.4516,0.674100
21737.png,0.167090,19.1025,0.684100
20990.png,0.078455,28.0229,0.847100
11449.png,0.076620,27.0416,0.952000
9191.png,0.110546,22.4013,0.968900
25.png,0.076566,27.8412,0.900100
19966.png,0.084291,40.3749,0.974400
8154.png,0.076784,15.5519,0.682900
20292.png,0.143099,26.9089,0.965800
583.png,0.074096,22.7560,0.881600
14131.png,0.080405,23.8176,0.898500
17039.png,0.141585,22.5610,0.769800
20660.png,0.073164,23.6104,0.843400
14755.png,0.075887,29.6135,0.925000
5546.png,0.150436,27.7671,0.757500
13432.png,0.076013,24.2072,0.901200
18498.png,0.079594,23.8535,0.889000
22421.png,0.147344,21.1008,0.745400
10132.png,0.084164,20.7648,0.898400
22519.png,0.171283,21.0297,0.763200
17689.png,0.076717,27.5999,0.865700
1287.png,0.081838,22.5872,0.823000
804.png,0.130849,23.3226,0.864400
20890.png,0.080446,26.3426,0.916700
23953.png,0.076605,26.4714,0.785800
16062.png,0.125209,19.9041,0.946200
6407.png,0.083626,23.7980,0.782300
10306.png,0.164321,19.2642,0.770300
10119.png,0.124253,34.7748,0.932700
1018.png,0.078016,32.7328,0.937600
274.png,0.080653,14.0140,0.669500
1200.png,0.116172,29.6607,0.933500
14902.png,0.186504,23.9988,0.839800
3038.png,0.176502,21.6348,0.848000
2042.png,0.203917,13.4634,0.860900
20346.png,0.232774,20.5121,0.821400
21416.png,0.209236,21.0215,0.751200
19278.png,0.190664,24.0199,0.797500
6507.png,0.175004,15.6638,0.654600
23397.png,0.077439,35.1259,0.915500
17411.png,0.076207,21.1116,0.846000
7351.png,0.189362,18.3415,0.790700
13148.png,0.198842,22.0594,0.757400
1803.png,0.167002,26.8335,0.853300
18645.png,0.074495,28.5143,0.916400
682.png,0.078538,20.9121,0.724400
9101.png,0.080810,26.2312,0.903900
8018.png,0.105240,18.3777,0.839800
21587.png,0.074271,28.3219,0.974600
10105.png,0.075479,26.6815,0.946500
19138.png,0.157492,31.4454,0.919200
7166.png,0.076784,25.1486,0.915900
19604.png,0.078192,34.8775,0.894300
2705.png,0.116605,25.9146,0.815100
2725.png,0.076395,18.7257,0.806000
17967.png,0.077235,24.0793,0.790100
13568.png,0.102601,35.2319,0.895800
14939.png,0.076575,25.4178,0.853100
21392.png,0.082223,27.5286,0.869000
2900.png,0.095279,21.1228,0.968400
10475.png,0.078879,25.8815,0.900600
22094.png,0.079135,23.4201,0.817400
15939.png,0.136848,23.2313,0.853200
8977.png,0.073818,25.1410,0.867200
6730.png,0.083401,24.0757,0.868900
3435.png,0.133185,25.3904,0.872100
20752.png,0.079524,27.1280,0.801900
23608.png,0.075797,30.6235,0.855400
12054.png,0.166002,19.9053,0.844200
5631.png,0.075993,24.9185,0.870100
14335.png,0.083450,20.9271,0.833900
15630.png,0.119533,19.4597,0.836300
23006.png,0.074708,23.6938,0.960500
17970.png,0.074850,28.3294,0.888000
7705.png,0.135226,17.1607,0.901900
23933.png,0.080062,21.1555,0.756200
9258.png,0.075007,20.9017,0.869700
21465.png,0.075220,19.4830,0.830300
3333.png,0.113507,27.2646,0.872900
7.png,0.099979,32.2675,0.889600
13176.png,0.075082,23.1320,0.866900
3315.png,0.097425,22.7710,0.802900
7227.png,0.075832,26.8429,0.870800
22283.png,0.080315,29.6610,0.884800
10730.png,0.077685,26.9488,0.906000
12789.png,0.079033,28.1429,0.836500
23749.png,0.149317,20.1434,0.819100
2365.png,0.084220,23.1120,0.813200
3660.png,0.096201,20.2614,0.688300
12788.png,0.081981,27.5164,0.810600
4373.png,0.076197,23.1576,0.791200
5604.png,0.073860,20.9272,0.884400
18077.png,0.135356,21.4939,0.813100
15069.png,0.076642,38.4283,0.963100
22455.png,0.083199,26.6895,0.924400
2136.png,0.123472,19.6970,0.855900
2800.png,0.080939,30.7493,0.940800
14569.png,0.078091,18.5491,0.951400
20748.png,0.128850,24.1866,0.913400
9183.png,0.075326,27.5401,0.965600
4536.png,0.073739,24.9069,0.957900
22884.png,0.109346,27.1283,0.904600
24145.png,0.087290,20.8690,0.839800
17090.png,0.091759,22.1876,0.883200
1562.png,0.105365,22.4887,0.843600
23843.png,0.074198,17.8160,0.792100
10046.png,0.078317,32.2780,0.889300
23828.png,0.094648,28.1829,0.927800
10598.png,0.079683,27.0535,0.831500
19622.png,0.075555,30.4034,0.881000
1596.png,0.119464,25.0663,0.802900
14672.png,0.078009,19.3496,0.916600
21665.png,0.094043,29.3128,0.931200
13867.png,0.127811,32.2240,0.949500
3379.png,0.073055,24.4122,0.933700
17348.png,0.074746,21.5623,0.718300
11547.png,0.133360,26.1422,0.862300
1192.png,0.081912,36.9305,0.898500
2398.png,0.074952,17.9639,0.681000
7163.png,0.122090,20.1535,0.919600
8419.png,0.077291,27.0967,0.831900
11126.png,0.075524,26.8970,0.889600
5229.png,0.134892,21.8456,0.778200
155.png,0.079230,24.6168,0.903100
7834.png,0.073630,24.4439,0.908700
23012.png,0.078513,19.8280,0.948700
16327.png,0.088870,30.0458,0.984100
22879.png,0.078789,17.6216,0.707600
12168.png,0.136927,18.7461,0.852400
2293.png,0.075995,24.0880,0.819600
9708.png,0.076018,24.9793,0.894800
5048.png,0.133686,21.2475,0.881600
5973.png,0.079992,27.2062,0.865000
17609.png,0.075674,28.2403,0.900300
23049.png,0.135742,22.2245,0.779700
14064.png,0.081596,30.1395,0.964900
2412.png,0.077693,16.7457,0.750300
7944.png,0.136995,23.1346,0.907300
10234.png,0.073076,30.5594,0.900100
11041.png,0.085726,23.8747,0.745900
8573.png,0.123221,23.5767,0.845900
8808.png,0.124840,31.4598,0.829300
565.png,0.109926,20.6064,0.886900
1054.png,0.076809,21.9146,0.802700
14192.png,0.129404,27.3927,0.846400
2845.png,0.098109,13.5566,0.897600
6328.png,0.083117,24.1845,0.826500
18146.png,0.125734,26.4485,0.823500
17523.png,0.097985,19.7667,0.844900
21521.png,0.078329,27.3677,0.877800
13211.png,0.130767,26.8273,0.856500
17279.png,0.075360,35.4405,0.964600
2587.png,0.080681,26.8530,0.779100
21852.png,0.127857,21.3652,0.914700
2529.png,0.100267,28.3169,0.891200
2350.png,0.075383,26.4592,0.857400
4925.png,0.074922,28.0799,0.853100
22654.png,0.077031,23.7772,0.781500
19132.png,0.081351,30.8989,0.897100
17898.png,0.114892,20.2483,0.801900
7851.png,0.091144,27.8173,0.896000
21155.png,0.076902,26.8342,0.901500
6439.png,0.120349,24.3287,0.821600
2494.png,0.079872,27.9347,0.792000
6539.png,0.075754,24.8145,0.906300
7362.png,0.117669,27.9510,0.910800
10528.png,0.095646,22.4705,0.888800
9986.png,0.078591,25.9232,0.840900
23923.png,0.138538,18.7927,0.950100
20178.png,0.077980,22.9720,0.870300
11037.png,0.076175,21.7216,0.693900
22653.png,0.077335,21.8831,0.790100
18284.png,0.129756,21.9328,0.926800
21900.png,0.073806,22.5070,0.924000
22097.png,0.084243,13.9678,0.636100
20470.png,0.127437,28.7141,0.924000
12536.png,0.084128,34.5709,0.917800
20104.png,0.076221,22.6225,0.804100
4892.png,0.120159,26.8965,0.833600
2151.png,0.078371,22.9427,0.866700
22219.png,0.177247,22.0010,0.745400
7046.png,0.100232,27.8060,0.889900
7242.png,0.074870,18.0398,0.757100
5901.png,0.106168,26.8241,0.803300
14740.png,0.093957,30.1073,0.907100
2865.png,0.076411,15.9487,0.936000
11670.png,0.089773,17.5110,0.851500
12886.png,0.079937,25.2162,0.865700
15105.png,0.093863,26.5370,0.851100
8351.png,0.080683,19.2975,0.835600
11576.png,0.076540,16.3103,0.722900
20853.png,0.129268,27.5612,0.815000
19101.png,0.084820,18.3140,0.828300
5917.png,0.074902,33.5961,0.919400
11017.png,0.102546,27.3685,0.821700
17366.png,0.084901,20.4978,0.645000
6177.png,0.074680,21.5621,0.749400
13539.png,0.106075,23.4649,0.918100
3583.png,0.082082,27.3158,0.879100
4491.png,0.074933,24.0768,0.888400
19570.png,0.131454,22.0609,0.957600
7642.png,0.082649,32.9008,0.964500
20466.png,0.091359,28.4708,0.927900
12735.png,0.122110,29.8040,0.912200
14191.png,0.076966,26.2614,0.836700
5416.png,0.082991,24.0965,0.805300
16872.png,0.135070,26.7700,0.911400
1225.png,0.093526,21.7490,0.693200
1402.png,0.082925,18.0031,0.682200
9687.png,0.118557,30.2923,0.899100
16669.png,0.084762,33.3775,0.932200
16385.png,0.079074,25.4817,0.895400
1976.png,0.112909,32.5331,0.843900
4973.png,0.086498,25.5218,0.889100
490.png,0.078062,22.3443,0.790900
2627.png,0.127584,26.0987,0.813500
4416.png,0.084975,30.0202,0.882900
20494.png,0.087606,22.9418,0.848700
6828.png,0.103967,21.7768,0.857500
1823.png,0.076446,23.9156,0.920200
527.png,0.080738,29.0129,0.845500
3343.png,0.109189,21.6579,0.642100
17135.png,0.075013,23.8707,0.732200
23302.png,0.078989,27.8240,0.843900
18137.png,0.129622,22.0797,0.789400
19388.png,0.079402,25.9364,0.929800
13887.png,0.083271,21.3664,0.776200
10366.png,0.127873,34.1287,0.927100
8408.png,0.077943,29.6065,0.869300
12283.png,0.084266,27.0999,0.802300
629.png,0.142886,34.5552,0.958200
10103.png,0.165805,31.5644,0.932400
9389.png,0.075621,26.6922,0.884000
4709.png,0.084087,19.2122,0.862800
22612.png,0.094708,32.7321,0.956100
21966.png,0.128733,29.1182,0.851200
13613.png,0.085127,23.8461,0.936500
18076.png,0.075223,22.0962,0.822700
305.png,0.112693,32.8867,0.968100
9396.png,0.098647,22.7998,0.749000
20640.png,0.081288,22.1850,0.848900
246.png,0.127734,22.4593,0.911300
19671.png,0.083965,23.4522,0.894500
17777.png,0.077501,29.1672,0.784900
5410.png,0.134100,25.2793,0.759400
9496.png,0.084729,15.4244,0.798000
17526.png,0.082703,23.5136,0.877000
12010.png,0.128505,30.4974,0.879900
22121.png,0.079015,26.3919,0.810100
16381.png,0.075599,21.1035,0.859800
22843.png,0.083469,25.6820,0.958600
9017.png,0.078772,24.8810,0.828500
7127.png,0.076224,22.7666,0.911200
4271.png,0.105760,20.7198,0.789000
6402.png,0.075992,24.1505,0.885700
11625.png,0.080245,25.8911,0.948700
17977.png,0.128756,22.7192,0.872100
1419.png,0.086783,20.7256,0.682600
3323.png,0.076418,31.6910,0.938000
19335.png,0.125927,23.3457,0.920700
19067.png,0.084740,21.4268,0.791000
20236.png,0.074762,26.3448,0.842900
3751.png,0.126952,17.6889,0.833100
19972.png,0.077092,33.3071,0.931100
14683.png,0.077931,26.5975,0.785100
21252.png,0.074250,27.2848,0.911600
18736.png,0.106406,18.7321,0.867300
21838.png,0.073707,13.4622,0.550400
5991.png,0.078113,19.6402,0.709300
12314.png,0.073612,27.8446,0.877700
10370.png,0.077089,32.9535,0.842900
1625.png,0.107814,30.1702,0.886800
21728.png,0.092232,25.7903,0.889600
18856.png,0.077866,22.5715,0.950800
10334.png,0.120847,19.9049,0.867700
3276.png,0.082318,24.5369,0.934400
18806.png,0.077135,27.5426,0.912900
1207.png,0.132323,27.1900,0.904600
4159.png,0.073180,22.1806,0.801100
9552.png,0.074239,29.4443,0.860700
8757.png,0.116650,30.9765,0.909100
8175.png,0.177579,21.5398,0.816700
16221.png,0.203202,24.8096,0.839400
2707.png,0.163709,27.8200,0.833900
9584.png,0.153488,20.3843,0.957800
14334.png,0.129894,24.5854,0.942000
18415.png,0.088901,22.3384,0.960100
21169.png,0.075998,21.6480,0.824700
10595.png,0.189856,21.9973,0.755100
11817.png,0.077924,28.5338,0.844300
4454.png,0.113450,22.9558,0.758500
2539.png,0.109067,29.8451,0.788000
9301.png,0.075678,25.6949,0.837200
21394.png,0.124143,31.4332,0.868700
13771.png,0.082261,27.1944,0.886400
18522.png,0.116129,26.8844,0.955500
10505.png,0.105591,26.1384,0.945800
16897.png,0.076103,24.6288,0.817600
9421.png,0.102910,21.3988,0.849600
9902.png,0.073459,27.9517,0.838100
8869.png,0.086671,21.3682,0.850200
6394.png,0.123232,24.3068,0.779700
11002.png,0.075594,24.2526,0.901600
19664.png,0.089302,31.2741,0.899600
1507.png,0.122084,20.4306,0.754600
2757.png,0.082941,28.1396,0.910300
12839.png,0.075815,25.6971,0.911400
5846.png,0.133546,16.0520,0.458900
11469.png,0.077470,29.9660,0.932600
3285.png,0.084518,29.8237,0.872600
13136.png,0.100965,21.9927,0.896100
6373.png,0.125247,20.7285,0.940400
10002.png,0.073707,36.2420,0.978900
9150.png,0.174924,23.7599,0.945400
116.png,0.090763,28.8531,0.867300
242.png,0.090317,25.3368,0.819300
20707.png,0.084137,29.0271,0.842500
23773.png,0.079932,34.3603,0.922500
5947.png,0.074703,18.7179,0.800200
23732.png,0.121465,19.4874,0.807200
3537.png,0.099563,26.3991,0.854800
16600.png,0.076916,31.6435,0.861000
10516.png,0.124743,27.2964,0.905800
17811.png,0.092344,22.4419,0.832400
21071.png,0.076875,31.2371,0.840100
20140.png,0.074574,22.6105,0.756300
23093.png,0.080939,25.4113,0.861700
3221.png,0.106208,25.0343,0.920500
12129.png,0.122063,30.9048,0.820500
10468.png,0.080687,26.6253,0.936600
20878.png,0.100465,27.7500,0.962900
11541.png,0.130998,20.6241,0.900200
15421.png,0.115198,28.4591,0.942800
20675.png,0.127320,29.0736,0.894200
1204.png,0.089258,28.1181,0.920200
6635.png,0.073875,17.8037,0.815100
11525.png,0.128470,25.1329,0.898100
9363.png,0.108816,22.3034,0.868500
14792.png,0.073657,27.1796,0.874600
19668.png,0.128741,27.4898,0.817600
23906.png,0.074143,27.8753,0.891100
22019.png,0.076944,24.5186,0.799300
22936.png,0.127538,21.5722,0.808300
3937.png,0.083850,16.7454,0.959100
13048.png,0.078012,22.3574,0.745900
237.png,0.139712,27.9917,0.738000
16146.png,0.083277,28.4914,0.905000
12406.png,0.079108,16.8121,0.594700
9817.png,0.130867,21.2992,0.837300
2894.png,0.080318,25.0046,0.922000
20831.png,0.075488,27.0705,0.883000
4850.png,0.125179,28.3210,0.813500
892.png,0.074215,26.1933,0.831500
17102.png,0.089959,22.3283,0.726900
18095.png,0.128299,29.5645,0.915300
6873.png,0.082327,26.1337,0.909700
22618.png,0.076840,23.4894,0.890200
22132.png,0.124567,29.3847,0.816100
6603.png,0.127298,20.2862,0.796100
5370.png,0.078708,21.8661,0.821300
10828.png,0.133157,29.9547,0.872400
23044.png,0.121759,21.6936,0.911500
4404.png,0.077708,30.1941,0.963400
6641.png,0.132757,30.1734,0.875200
7911.png,0.107142,19.1263,0.843500
19765.png,0.074344,28.1361,0.962200
7933.png,0.129907,18.0946,0.943800
9941.png,0.113826,24.5392,0.920500
23163.png,0.074180,29.0889,0.933900
15881.png,0.121401,34.9624,0.936500
15001.png,0.100839,25.4184,0.871200
14696.png,0.073351,24.8733,0.936800
3822.png,0.094859,28.4078,0.865700
7185.png,0.090091,25.2138,0.828400
131.png,0.076115,36.8603,0.920800
8318.png,0.115909,33.1913,0.943900
4508.png,0.101693,30.3927,0.936600
18238.png,0.074263,29.6129,0.852800
17374.png,0.130646,22.4413,0.968700
9221.png,0.099584,29.8533,0.844200
12175.png,0.074199,20.7870,0.738800
12312.png,0.156886,28.3083,0.874100
23954.png,0.074903,28.5573,0.784100
19903.png,0.077118,23.1037,0.827800
20679.png,0.114580,30.0135,0.903600
4727.png,0.095646,26.1233,0.845700
3914.png,0.078213,29.2070,0.881100
12780.png,0.102849,22.5059,0.836000
11356.png,0.078823,26.6995,0.895500
21261.png,0.126729,29.2223,0.880500
10456.png,0.119760,23.8547,0.934500
4109.png,0.075889,26.3596,0.868700
17630.png,0.118520,20.5473,0.759500
17624.png,0.119762,23.4258,0.846600
15587.png,0.078490,20.7978,0.796400
16103.png,0.131692,28.8907,0.734800
9672.png,0.129759,25.0747,0.957000
21607.png,0.158487,23.4935,0.762800
19311.png,0.098642,31.8349,0.961900
8386.png,0.076474,24.7078,0.888200
2873.png,0.122529,19.6064,0.791500
5346.png,0.084446,29.0804,0.834400
5207.png,0.084724,22.1870,0.787600
3500.png,0.128806,22.2519,0.722700
6968.png,0.080144,21.4734,0.756300
14001.png,0.076883,28.2841,0.837000
6119.png,0.131080,23.0079,0.746000
7732.png,0.076492,24.1834,0.962300
11881.png,0.079558,25.0604,0.870700
15447.png,0.115325,34.4475,0.978000
23766.png,0.086502,29.2514,0.879800
7508.png,0.080621,18.5274,0.918500
14478.png,0.102754,19.9045,0.799600
23127.png,0.077214,22.0686,0.834600
18308.png,0.078590,22.8787,0.759100
14240.png,0.077138,24.2188,0.858100
12981.png,0.074702,22.8083,0.786400
23915.png,0.091523,33.5888,0.903600
4401.png,0.076282,33.3345,0.913500
14781.png,0.090901,24.9467,0.947200
13946.png,0.074776,25.3387,0.707400
3506.png,0.076964,21.4227,0.801000
13777.png,0.094656,27.8123,0.904300
24110.png,0.088096,22.9859,0.822100
21318.png,0.097988,27.2761,0.949200
4031.png,0.083801,20.1920,0.948100
15913.png,0.103641,25.9271,0.900100
3107.png,0.077201,31.0527,0.928300
4532.png,0.097970,14.4463,0.792700
11444.png,0.122224,29.4334,0.983300
5880.png,0.081578,31.6983,0.968000
6465.png,0.120634,20.5901,0.823800
14152.png,0.098898,34.0077,0.929100
8990.png,0.079302,28.2171,0.884900
7779.png,0.101111,27.2886,0.965500
14612.png,0.118951,24.7059,0.884400
5026.png,0.122834,23.7294,0.926600
5622.png,0.079938,20.9401,0.795300
17282.png,0.075219,26.0294,0.960400
23385.png,0.129739,31.0439,0.928100
8495.png,0.072987,33.0917,0.893200
6005.png,0.079900,27.5303,0.885800
2850.png,0.132658,18.2394,0.952500
2903.png,0.075651,18.7172,0.917000
2920.png,0.074899,21.4966,0.859800
14291.png,0.124415,25.7630,0.855500
6165.png,0.074698,21.3104,0.907400
17814.png,0.083252,32.0991,0.947400
11045.png,0.116539,25.1761,0.914500
16051.png,0.088681,21.4626,0.944200
23947.png,0.094058,22.2515,0.784800
13044.png,0.136206,24.0093,0.800600
12815.png,0.076780,36.0031,0.925500
19444.png,0.074927,19.8584,0.948300
2893.png,0.125777,21.2133,0.846200
12259.png,0.079675,22.1789,0.732700
17489.png,0.097021,26.4249,0.925600
2669.png,0.146220,22.3683,0.910800
1294.png,0.082273,19.1622,0.807000
13767.png,0.080524,34.0118,0.941400
22880.png,0.155528,21.0670,0.907800
1000.png,0.076599,21.5318,0.907400
6773.png,0.077291,24.1200,0.811800
17720.png,0.118758,26.5747,0.873500
3006.png,0.074989,28.6733,0.894100
22236.png,0.075621,19.4318,0.742100
21905.png,0.154609,22.8097,0.755100
666.png,0.080046,19.1614,0.902200
18417.png,0.084563,27.7028,0.882200
11004.png,0.142755,26.8801,0.893300
6196.png,0.121109,28.1684,0.914100
10835.png,0.098823,32.7053,0.951600
19007.png,0.125270,19.4082,0.673300
9471.png,0.130950,24.7914,0.812100
2284.png,0.073131,29.3693,0.911000
10631.png,0.109852,21.3989,0.848700
21638.png,0.123406,18.4397,0.837400
4433.png,0.074604,27.7348,0.903400
7535.png,0.081603,25.5875,0.809400
12198.png,0.106187,22.0423,0.890100
4196.png,0.077117,24.0080,0.811700
2296.png,0.083135,19.3996,0.838600
995.png,0.129798,19.1618,0.868200
3933.png,0.076969,18.4771,0.945100
19818.png,0.075414,22.9970,0.923500
7916.png,0.158908,25.4301,0.866800
4145.png,0.075653,27.8477,0.931700
20530.png,0.095431,32.6127,0.973000
20828.png,0.146105,29.5339,0.924600
14107.png,0.076466,18.5679,0.952600
651.png,0.078155,19.6345,0.764100
14723.png,0.139876,26.4160,0.869900
18383.png,0.073587,20.5976,0.887800
13322.png,0.076157,24.5250,0.898000
7448.png,0.141981,26.5453,0.883900
981.png,0.074533,31.9573,0.925600
918.png,0.076823,21.6051,0.965900
23820.png,0.145342,24.1605,0.800500
18947.png,0.107290,25.7355,0.879400
18289.png,0.077403,26.2498,0.961400
22092.png,0.112979,20.2227,0.687300
3227.png,0.081522,23.2496,0.949500
13775.png,0.078834,32.7042,0.918400
5872.png,0.130127,23.2830,0.817100
23181.png,0.076941,23.3531,0.915400
12594.png,0.078634,19.7564,0.902200
9592.png,0.129070,17.7271,0.787400
14252.png,0.073775,23.4284,0.953900
8612.png,0.101812,15.3670,0.764600
9661.png,0.133161,24.8509,0.842400
21998.png,0.080128,18.7666,0.749900
2480.png,0.086724,23.7846,0.886800
22308.png,0.119704,25.5117,0.892000
2911.png,0.075893,21.8384,0.847300
22093.png,0.088072,24.1393,0.803800
3278.png,0.076337,25.7583,0.806500
22532.png,0.128547,29.2801,0.975600
9014.png,0.077308,30.8391,0.870700
13259.png,0.097366,24.8578,0.939600
15311.png,0.132342,20.8860,0.775000
2328.png,0.082621,14.8776,0.729500
4082.png,0.080763,33.1558,0.967100
14267.png,0.107093,27.8486,0.971300
23636.png,0.075162,19.4396,0.848700
13010.png,0.087998,27.6593,0.927800
7039.png,0.074500,20.9828,0.847200
2046.png,0.082715,13.2691,0.762500
14549.png,0.100436,25.1218,0.876600
10697.png,0.079204,19.0866,0.688600
5946.png,0.073986,17.8959,0.775200
19406.png,0.073846,30.9284,0.874600
5338.png,0.129997,20.5197,0.695800
12072.png,0.104131,24.6297,0.810400
6071.png,0.079494,28.2757,0.924700
16245.png,0.141587,33.3116,0.920300
3993.png,0.131996,24.0502,0.943900
7262.png,0.077111,16.0774,0.763700
17040.png,0.161033,34.1708,0.890300
13471.png,0.110712,34.6754,0.915000
18876.png,0.077915,20.1822,0.796100
994.png,0.084093,18.1678,0.831500
20395.png,0.116391,25.4017,0.815700
10419.png,0.077805,33.1741,0.966700
551.png,0.085087,22.2659,0.834200
74.png,0.126084,27.5679,0.805600
391.png,0.074145,28.7971,0.932900
3846.png,0.136499,21.4426,0.854800
20117.png,0.077370,23.2439,0.851200
23665.png,0.111447,22.6129,0.805400
15678.png,0.076146,18.3582,0.754800
729.png,0.081494,22.3685,0.906100
13668.png,0.082492,25.7114,0.863300
16456.png,0.106941,27.4268,0.810200
9077.png,0.079180,23.0594,0.795300
4959.png,0.075914,22.7106,0.814000
13230.png,0.126501,13.6516,0.710800
15643.png,0.077839,18.8509,0.841100
412.png,0.100383,25.0154,0.790500
4780.png,0.127891,18.8003,0.866300
22521.png,0.081517,23.0777,0.865700
23331.png,0.097974,31.0603,0.906400
18713.png,0.126398,27.2906,0.873000
9589.png,0.078314,19.8117,0.960900
13324.png,0.085803,24.0449,0.893300
19405.png,0.125830,28.7850,0.869600
19254.png,0.076611,22.5647,0.758900
21659.png,0.085556,26.9305,0.835600
8599.png,0.125490,26.8207,0.860400
19279.png,0.081857,27.8307,0.828800
17823.png,0.093765,32.0109,0.928500
6880.png,0.129166,24.7954,0.877500
15915.png,0.075127,28.4626,0.926300
6446.png,0.105201,15.0258,0.870100
19272.png,0.128771,25.4845,0.732900
22599.png,0.075268,16.2575,0.758400
1763.png,0.090147,21.5158,0.786800
8272.png,0.128049,24.7561,0.914100
6516.png,0.077803,27.2225,0.867500
11260.png,0.088086,27.4256,0.939500
1136.png,0.113083,28.1613,0.795900
18798.png,0.075844,30.9228,0.938000
4392.png,0.096250,32.0731,0.889800
8771.png,0.131275,24.3857,0.758400
16167.png,0.073905,24.3208,0.843200
22064.png,0.096545,25.0163,0.842900
16006.png,0.126439,23.5824,0.789400
19501.png,0.082516,17.2502,0.841400
21911.png,0.091937,18.6009,0.779200
7475.png,0.124370,32.1684,0.856900
21955.png,0.078427,38.3323,0.977200
6226.png,0.104447,33.1355,0.959800
19705.png,0.126531,20.6260,0.870400
18587.png,0.083361,19.0841,0.800800
4382.png,0.075434,23.4936,0.866700
5984.png,0.101295,14.5637,0.715500
4743.png,0.075871,21.5831,0.771400
8142.png,0.082509,15.0021,0.768300
16862.png,0.115945,28.6542,0.898300
22789.png,0.074854,29.6981,0.873500
3277.png,0.091159,34.6100,0.876000
1324.png,0.135166,26.8744,0.910300
16217.png,0.080524,26.4983,0.899300
20222.png,0.094973,24.3079,0.963100
10772.png,0.126146,23.4734,0.771500
10654.png,0.076896,27.4243,0.917600
8743.png,0.100992,22.6017,0.775700
15310.png,0.125117,30.5205,0.892000
1142.png,0.081781,26.8684,0.903100
4346.png,0.104080,28.8704,0.951500
10154.png,0.073888,25.4239,0.862800
8523.png,0.163382,23.7269,0.872600
9260.png,0.101698,23.4533,0.881500
894.png,0.083535,23.6970,0.802000
23850.png,0.153579,21.9419,0.661400
21306.png,0.073768,22.2664,0.830000
6319.png,0.078939,29.4568,0.814700
689.png,0.149824,19.0487,0.851100
2926.png,0.074885,21.0484,0.876200
23377.png,0.074856,36.4368,0.924600
14259.png,0.152388,34.0609,0.931800
4205.png,0.076323,22.4801,0.830500
17960.png,0.078789,24.8371,0.889600
3288.png,0.151521,26.0250,0.913200
2914.png,0.076912,22.6372,0.863400
21951.png,0.182500,36.4269,0.969900
18783.png,0.076149,22.5333,0.656700
10605.png,0.075432,31.1821,0.819400
19651.png,0.155245,24.3171,0.792200
544.png,0.119375,22.2777,0.845800
12218.png,0.081503,21.9240,0.830700
18249.png,0.108190,28.7871,0.838600
2489.png,0.133295,26.2643,0.831500
16994.png,0.074870,29.7159,0.838500
21932.png,0.092889,20.6322,0.774300
12574.png,0.135956,18.9611,0.648900
6187.png,0.072827,29.0239,0.840300
70.png,0.099201,21.2215,0.846500
10268.png,0.128282,20.9165,0.804400
17978.png,0.144078,23.2309,0.870200
19601.png,0.132928,27.7271,0.875500
23060.png,0.074538,25.4225,0.933300
2450.png,0.105666,22.9097,0.910300
17607.png,0.126475,30.2882,0.872200
12354.png,0.079599,25.7595,0.750500
6248.png,0.099709,24.1903,0.971900
17435.png,0.137774,20.2799,0.782100
5915.png,0.076109,25.7690,0.798400
21092.png,0.100497,22.8311,0.979700
18291.png,0.125442,22.2177,0.843200
22287.png,0.084881,23.8653,0.875800
4991.png,0.089259,21.0408,0.830200
12762.png,0.129979,23.5650,0.942700
8396.png,0.075226,27.2558,0.852500
919.png,0.077897,20.4501,0.966800
1472.png,0.100364,16.6820,0.814500
23092.png,0.133381,23.9239,0.881100
19106.png,0.084380,21.7137,0.739100
12982.png,0.093913,26.5684,0.909300
16951.png,0.136294,27.6658,0.809300
5140.png,0.075738,27.6227,0.917900
21271.png,0.109877,25.3656,0.879600
2595.png,0.120421,24.5629,0.876800
14455.png,0.079642,25.1142,0.898000
7358.png,0.074740,18.6291,0.804300
20662.png,0.121972,20.3786,0.872600
9332.png,0.086379,26.7914,0.873400
6324.png,0.081311,25.5085,0.879800
12748.png,0.116840,31.2949,0.811700
1762.png,0.105533,20.9547,0.786200
272.png,0.079017,16.8941,0.772400
24016.png,0.081889,34.1754,0.894200
4538.png,0.138441,22.1884,0.858900
13885.png,0.080174,24.6019,0.780900
20818.png,0.076044,23.5849,0.854500
11145.png,0.159753,30.8769,0.909700
8848.png,0.084136,28.7270,0.839100
16981.png,0.077535,26.3661,0.884400
10426.png,0.132260,21.4453,0.856100
18628.png,0.074974,25.2691,0.896300
21716.png,0.078079,30.6215,0.893400
14983.png,0.142955,21.9620,0.880500
3428.png,0.073894,23.3066,0.915500
12096.png,0.077582,30.2995,0.928300
18110.png,0.157206,31.7631,0.929000
1826.png,0.086163,22.5323,0.838400
17668.png,0.079408,29.9209,0.973100
13914.png,0.075631,21.6451,0.836800
11347.png,0.114443,21.7361,0.866500
22551.png,0.097296,19.9162,0.837300
9326.png,0.077393,27.9588,0.820500
18388.png,0.122239,25.4219,0.912500
11088.png,0.077313,29.0539,0.860700
7421.png,0.085260,26.5005,0.866500
7921.png,0.111022,23.1239,0.836000
19940.png,0.085553,21.6703,0.832400
11054.png,0.074916,30.8942,0.878600
7019.png,0.119971,28.3455,0.902700
10616.png,0.076123,27.1595,0.928000
14403.png,0.080592,26.1995,0.760300
12825.png,0.133663,23.4942,0.857200
8054.png,0.100594,34.6380,0.927900
6265.png,0.080990,25.0139,0.551300
17506.png,0.079036,25.4518,0.815000
1381.png,0.132049,26.3857,0.925500
22939.png,0.085169,20.5862,0.765400
7331.png,0.076055,27.5417,0.901400
11247.png,0.131311,27.4990,0.949900
6708.png,0.078676,21.3647,0.836400
7507.png,0.076358,20.7436,0.912000
8287.png,0.117971,25.7913,0.893900
23463.png,0.076864,25.0039,0.806100
6013.png,0.084024,28.0773,0.896500
20779.png,0.133717,23.3054,0.895400
6141.png,0.083597,24.1412,0.803900
23011.png,0.097016,23.0113,0.964300
7838.png,0.102882,22.8027,0.804500
10026.png,0.107921,25.8284,0.916300
14881.png,0.081621,23.4047,0.901200
18765.png,0.082258,25.7969,0.912700
4629.png,0.084388,25.5233,0.876300
6720.png,0.083831,24.8869,0.904000
21568.png,0.098137,20.4346,0.883100
14935.png,0.074953,27.6923,0.896700
3489.png,0.076661,23.7144,0.805600
5191.png,0.123733,26.3341,0.893800
6173.png,0.076352,19.6459,0.767400
23769.png,0.095648,24.1786,0.924600
8082.png,0.117786,25.8101,0.970300
8092.png,0.075280,18.0240,0.805800
17932.png,0.076619,26.1625,0.958400
17012.png,0.136514,18.6671,0.831300
3374.png,0.075030,23.8132,0.966200
9225.png,0.079418,29.0953,0.809400
1223.png,0.101104,22.2605,0.765900
10264.png,0.081923,28.8546,0.884100
23192.png,0.082840,28.4227,0.797300
22306.png,0.110306,22.4026,0.894600
1513.png,0.074222,27.2222,0.873800
2368.png,0.086849,20.3133,0.807500
4537.png,0.116561,30.3330,0.976300
19408.png,0.076830,33.8335,0.871000
16769.png,0.078713,33.9123,0.878900
5421.png,0.131646,24.8536,0.834100
21294.png,0.075056,29.9142,0.795700
17902.png,0.079406,19.4844,0.775600
16339.png,0.132326,28.3141,0.952300
21709.png,0.073856,27.1037,0.887900
13979.png,0.084734,29.9589,0.806000
18231.png,0.115471,31.3848,0.929100
21089.png,0.085341,35.3145,0.961800
57.png,0.074760,27.6554,0.846600
22696.png,0.123733,17.9868,0.837200
618.png,0.098343,20.0733,0.775800
23914.png,0.086586,20.6934,0.764700
16351.png,0.092347,25.0102,0.854400
13252.png,0.074863,22.0462,0.946900
14400.png,0.076688,19.9563,0.838800
12784.png,0.120853,17.9266,0.798300
13293.png,0.076134,16.4465,0.737300
2635.png,0.083004,30.1813,0.976100
20049.png,0.128258,19.2082,0.808300
9692.png,0.076581,30.9642,0.926900
15671.png,0.091583,26.9244,0.819400
17033.png,0.118409,22.5715,0.768400
18960.png,0.157963,22.2388,0.797700
15569.png,0.083864,21.4652,0.741500
21558.png,0.141879,23.4772,0.834600
12424.png,0.095492,30.1295,0.897400
14175.png,0.083683,31.4701,0.919400
12077.png,0.077863,26.5512,0.865100
10479.png,0.137000,22.5342,0.786000
7044.png,0.153663,28.6224,0.782500
11365.png,0.073996,23.3278,0.889500
16395.png,0.082209,22.6634,0.806700
16970.png,0.088049,24.8908,0.840700
1635.png,0.076581,22.6902,0.969000
19630.png,0.120432,27.4477,0.897600
19483.png,0.076278,26.4542,0.957800
13865.png,0.082420,27.4424,0.906100
6442.png,0.127117,20.5745,0.871200
15156.png,0.075372,25.8065,0.933500
15080.png,0.078033,29.9102,0.899800
9531.png,0.131536,30.4964,0.829700
4542.png,0.074878,29.4195,0.932900
6419.png,0.074836,19.7600,0.743000
18041.png,0.138678,31.1565,0.924700
13569.png,0.073686,26.9885,0.886200
13491.png,0.075373,22.4449,0.809200
22725.png,0.143129,25.1182,0.837100
767.png,0.084857,27.4471,0.820500
7323.png,0.079578,28.4801,0.864500
22663.png,0.140729,23.9551,0.832300
4393.png,0.086932,32.0767,0.917000
16485.png,0.076458,25.6239,0.870400
5551.png,0.146549,12.7345,0.594600
23334.png,0.078762,27.3882,0.888800
10845.png,0.076973,31.3892,0.968000
7579.png,0.130832,29.1768,0.915300
10672.png,0.077113,23.8593,0.838000
10160.png,0.077834,26.6845,0.898300
1172.png,0.168738,21.2138,0.876400
19296.png,0.168756,27.8140,0.880700
21547.png,0.139896,20.5412,0.754700
11450.png,0.101187,26.8884,0.983900
7670.png,0.091396,23.8300,0.883400
18795.png,0.150631,27.1739,0.954500
22234.png,0.076713,27.7116,0.971900
17283.png,0.087764,28.5178,0.963400
16839.png,0.153305,29.9817,0.879500
14978.png,0.077492,16.3860,0.596300
2300.png,0.169035,25.6463,0.837000
1433.png,0.078630,26.9931,0.889600
2448.png,0.152060,20.8580,0.874400
23940.png,0.171912,24.8148,0.914100
15159.png,0.076478,32.3327,0.966600
336.png,0.080959,23.1066,0.897200
21867.png,0.117194,31.7789,0.975700
6441.png,0.178079,17.5931,0.829900
19683.png,0.154105,22.1434,0.884400
19615.png,0.077486,29.0896,0.897800
12523.png,0.130061,30.7733,0.944600
9378.png,0.147515,22.8577,0.871900
13652.png,0.078541,31.5585,0.901500
21679.png,0.092529,20.0704,0.928300
22232.png,0.161504,19.9624,0.815800
10619.png,0.115601,23.2057,0.904800
21059.png,0.154776,24.7835,0.773800
2610.png,0.078845,21.6373,0.746400
10894.png,0.107938,26.3397,0.898600
10602.png,0.077823,27.9727,0.897000
5006.png,0.164321,25.6032,0.943500
10871.png,0.124360,30.1894,0.910000
1182.png,0.157056,21.1836,0.838000
9967.png,0.076938,24.6190,0.751800
22920.png,0.095177,28.3636,0.901300
11820.png,0.143824,16.2009,0.673900
21691.png,0.213942,24.4335,0.875800
2750.png,0.205395,29.3450,0.944900
11999.png,0.208972,27.2939,0.824200
14735.png,0.188947,28.4633,0.900600
3497.png,0.087849,25.5329,0.887700
12971.png,0.074754,28.5734,0.955800
18446.png,0.218957,23.0742,0.887700
21073.png,0.196244,26.1520,0.789800
15534.png,0.158533,19.9403,0.957200
7743.png,0.075249,22.8753,0.803700
16771.png,0.074259,35.2115,0.885900
12932.png,0.123631,20.9456,0.758200
22433.png,0.075151,30.4436,0.939500
13170.png,0.080067,28.7676,0.941300
23524.png,0.106302,26.5917,0.880600
11153.png,0.073166,32.7341,0.919100
18545.png,0.078409,26.5179,0.915400
4490.png,0.108013,20.9098,0.870400
21686.png,0.075897,22.1314,0.918800
18178.png,0.075365,22.5980,0.915900
9434.png,0.125384,24.6368,0.882600
18654.png,0.077757,35.1711,0.964100
22010.png,0.079530,32.4388,0.882400
20594.png,0.128804,25.4290,0.891700
7627.png,0.077054,30.4037,0.965700
10604.png,0.085319,29.0343,0.904000
1992.png,0.155212,25.8333,0.868800
17534.png,0.078085,29.7054,0.906400
3785.png,0.082749,21.0737,0.805600
3180.png,0.127312,27.0051,0.884400
19213.png,0.080110,28.8502,0.911600
8806.png,0.077081,26.6574,0.869200
12454.png,0.080322,22.0715,0.803300
10582.png,0.076805,24.4059,0.846100
3646.png,0.101062,26.2223,0.884300
10560.png,0.075288,28.5487,0.822800
1965.png,0.074766,26.3071,0.921800
21738.png,0.141384,19.4477,0.744400
7460.png,0.074634,25.8255,0.950000
16311.png,0.073899,19.8335,0.760600
20114.png,0.131823,19.2737,0.828600
13823.png,0.080463,23.6062,0.838300
